x,y,z,date,scanner1,scanner2,scanner3,scanner4
0,6,1,2021-06-18 13:58:22.124000,-91,-91,-89,-82
0,6,1,2021-06-18 13:58:22.124000,-90,-94,-95,-87
0,6,1,2021-06-18 13:58:22.124000,-255,-255,-89,-86
0,6,1,2021-06-18 13:58:22.124000,-255,-255,-255,-86
0,6,1,2021-06-18 13:58:22.124000,-255,-255,-255,-86
0,6,1,2021-06-18 13:58:22.124000,-255,-255,-255,-85
0,6,1,2021-06-18 13:59:22.124000,-90,-93,-90,-87
0,6,1,2021-06-18 13:59:22.124000,-91,-93,-96,-85
0,6,1,2021-06-18 13:59:22.124000,-255,-255,-93,-83
0,6,1,2021-06-18 13:59:22.124000,-255,-255,-255,-88
0,6,1,2021-06-18 13:59:22.124000,-255,-255,-255,-87
0,6,1,2021-06-18 13:59:22.124000,-255,-255,-255,-85
0,6,1,2021-06-18 14:00:22.124000,-90,-91,-97,-84
0,6,1,2021-06-18 14:00:22.124000,-255,-96,-90,-85
0,6,1,2021-06-18 14:00:22.124000,-255,-255,-94,-87
0,6,1,2021-06-18 14:00:22.124000,-255,-255,-255,-83
0,6,1,2021-06-18 14:00:22.124000,-255,-255,-255,-91
0,6,1,2021-06-18 14:00:22.124000,-255,-255,-255,-87
0,6,1,2021-06-18 14:00:22.124000,-255,-255,-255,-90
0,6,1,2021-06-18 14:01:22.124000,-90,-255,-89,-86
0,6,1,2021-06-18 14:01:22.124000,-94,-255,-93,-87
0,6,1,2021-06-18 14:01:22.124000,-92,-255,-93,-86
0,6,1,2021-06-18 14:01:22.124000,-255,-255,-89,-84
0,6,1,2021-06-18 14:01:22.124000,-255,-255,-93,-86
0,6,1,2021-06-18 14:01:22.124000,-255,-255,-255,-86
0,6,1,2021-06-18 14:02:22.124000,-90,-92,-255,-86
0,6,1,2021-06-18 14:02:22.124000,-88,-255,-255,-87
0,6,1,2021-06-18 14:02:22.124000,-255,-255,-255,-85
0,6,1,2021-06-18 14:02:22.124000,-255,-255,-255,-86
0,6,1,2021-06-18 14:02:22.124000,-255,-255,-255,-85
0,6,1,2021-06-18 14:02:22.124000,-255,-255,-255,-86
2,4,1,2021-06-18 14:05:22.124000,-255,-255,-255,-74
2,4,1,2021-06-18 14:05:22.124000,-255,-255,-255,-79
2,4,1,2021-06-18 14:05:22.124000,-255,-255,-255,-80
2,4,1,2021-06-18 14:05:22.124000,-255,-255,-255,-73
2,4,1,2021-06-18 14:05:22.124000,-255,-255,-255,-72
2,4,1,2021-06-18 14:05:22.124000,-255,-255,-255,-74
2,4,1,2021-06-18 14:06:22.124000,-255,-255,-255,-72
2,4,1,2021-06-18 14:06:22.124000,-255,-255,-255,-74
2,4,1,2021-06-18 14:06:22.124000,-255,-255,-255,-81
2,4,1,2021-06-18 14:06:22.124000,-255,-255,-255,-72
2,4,1,2021-06-18 14:07:22.124000,-255,-255,-255,-74
2,4,1,2021-06-18 14:07:22.124000,-255,-255,-255,-74
2,4,1,2021-06-18 14:07:22.124000,-255,-255,-255,-74
2,4,1,2021-06-18 14:07:22.124000,-255,-255,-255,-84
2,4,1,2021-06-18 14:08:22.124000,-255,-255,-255,-81
2,4,1,2021-06-18 14:08:22.124000,-255,-255,-255,-84
2,4,1,2021-06-18 14:08:22.124000,-255,-255,-255,-73
0,5,1,2021-06-18 14:10:22.124000,-82,-91,-93,-73
0,5,1,2021-06-18 14:10:22.124000,-81,-91,-93,-73
0,5,1,2021-06-18 14:10:22.124000,-89,-255,-93,-74
0,5,1,2021-06-18 14:10:22.124000,-82,-255,-255,-74
0,5,1,2021-06-18 14:10:22.124000,-255,-255,-255,-82
0,5,1,2021-06-18 14:10:22.124000,-255,-255,-255,-81
0,5,1,2021-06-18 14:10:22.124000,-255,-255,-255,-73
0,5,1,2021-06-18 14:11:22.124000,-88,-90,-96,-77
0,5,1,2021-06-18 14:11:22.124000,-81,-90,-255,-77
0,5,1,2021-06-18 14:11:22.124000,-90,-92,-255,-71
0,5,1,2021-06-18 14:11:22.124000,-88,-255,-255,-72
0,5,1,2021-06-18 14:11:22.124000,-82,-255,-255,-77
0,5,1,2021-06-18 14:11:22.124000,-90,-255,-255,-71
0,5,1,2021-06-18 14:11:22.124000,-90,-255,-255,-255
0,5,1,2021-06-18 14:12:22.124000,-81,-90,-255,-77
0,5,1,2021-06-18 14:12:22.124000,-89,-255,-255,-71
0,5,1,2021-06-18 14:12:22.124000,-81,-255,-255,-71
0,5,1,2021-06-18 14:12:22.124000,-82,-255,-255,-71
0,5,1,2021-06-18 14:12:22.124000,-90,-255,-255,-77
0,5,1,2021-06-18 14:12:22.124000,-81,-255,-255,-255
0,5,1,2021-06-18 14:13:22.124000,-81,-255,-255,-72
0,5,1,2021-06-18 14:13:22.124000,-255,-255,-255,-77
0,5,1,2021-06-18 14:13:22.124000,-255,-255,-255,-71
0,5,1,2021-06-18 14:13:22.124000,-255,-255,-255,-71
0,5,1,2021-06-18 14:14:22.124000,-255,-91,-94,-77
0,5,1,2021-06-18 14:14:22.124000,-255,-255,-94,-71
0,5,1,2021-06-18 14:14:22.124000,-255,-255,-255,-71
0,5,1,2021-06-18 14:14:22.124000,-255,-255,-255,-72
0,5,1,2021-06-18 14:14:22.124000,-255,-255,-255,-72
0,5,1,2021-06-18 14:14:22.124000,-255,-255,-255,-77
0,5,1,2021-06-18 14:15:22.124000,-89,-255,-255,-255
0,5,1,2021-06-18 14:15:22.124000,-87,-255,-255,-255
0,5,1,2021-06-18 14:15:22.124000,-80,-255,-255,-255
0,5,1,2021-06-18 14:15:22.124000,-81,-255,-255,-255
1,5,1,2021-06-18 14:16:22.124000,-255,-255,-92,-255
1,5,1,2021-06-18 14:16:22.124000,-255,-255,-93,-255
1,5,1,2021-06-18 14:16:22.124000,-255,-255,-96,-255
1,5,1,2021-06-18 14:17:22.124000,-88,-255,-96,-255
1,5,1,2021-06-18 14:17:22.124000,-85,-255,-94,-255
1,5,1,2021-06-18 14:17:22.124000,-87,-255,-255,-255
1,5,1,2021-06-18 14:18:22.124000,-85,-91,-93,-74
1,5,1,2021-06-18 14:18:22.124000,-87,-255,-96,-86
1,5,1,2021-06-18 14:18:22.124000,-85,-255,-255,-85
1,5,1,2021-06-18 14:18:22.124000,-255,-255,-255,-86
1,5,1,2021-06-18 14:18:22.124000,-255,-255,-255,-79
1,5,1,2021-06-18 14:18:22.124000,-255,-255,-255,-73
1,5,1,2021-06-18 14:19:22.124000,-85,-89,-95,-79
1,5,1,2021-06-18 14:19:22.124000,-86,-94,-95,-74
1,5,1,2021-06-18 14:19:22.124000,-88,-92,-93,-75
1,5,1,2021-06-18 14:19:22.124000,-87,-92,-255,-86
1,5,1,2021-06-18 14:19:22.124000,-85,-255,-255,-85
1,5,1,2021-06-18 14:19:22.124000,-255,-255,-255,-79
1,5,1,2021-06-18 14:20:22.124000,-86,-95,-90,-80
1,5,1,2021-06-18 14:20:22.124000,-87,-255,-255,-79
1,5,1,2021-06-18 14:20:22.124000,-87,-255,-255,-75
1,5,1,2021-06-18 14:20:22.124000,-255,-255,-255,-73
1,5,1,2021-06-18 14:20:22.124000,-255,-255,-255,-84
2,6,1,2021-06-18 14:22:22.124000,-78,-91,-90,-79
2,6,1,2021-06-18 14:22:22.124000,-88,-87,-97,-78
2,6,1,2021-06-18 14:22:22.124000,-77,-79,-82,-80
2,6,1,2021-06-18 14:22:22.124000,-85,-87,-255,-80
2,6,1,2021-06-18 14:22:22.124000,-81,-81,-255,-80
2,6,1,2021-06-18 14:22:22.124000,-81,-87,-255,-79
2,6,1,2021-06-18 14:23:22.124000,-84,-82,-86,-82
2,6,1,2021-06-18 14:23:22.124000,-84,-89,-82,-79
2,6,1,2021-06-18 14:23:22.124000,-86,-255,-83,-80
2,6,1,2021-06-18 14:23:22.124000,-89,-255,-255,-77
2,6,1,2021-06-18 14:23:22.124000,-85,-255,-255,-79
2,6,1,2021-06-18 14:23:22.124000,-75,-255,-255,-78
2,6,1,2021-06-18 14:23:22.124000,-255,-255,-255,-79
2,6,1,2021-06-18 14:24:22.124000,-82,-84,-82,-78
2,6,1,2021-06-18 14:24:22.124000,-75,-85,-82,-81
2,6,1,2021-06-18 14:24:22.124000,-83,-90,-82,-80
2,6,1,2021-06-18 14:24:22.124000,-84,-92,-82,-81
2,6,1,2021-06-18 14:24:22.124000,-83,-89,-82,-79
2,6,1,2021-06-18 14:24:22.124000,-255,-255,-83,-79
2,6,1,2021-06-18 14:24:22.124000,-255,-255,-255,-78
2,6,1,2021-06-18 14:25:22.124000,-86,-85,-85,-81
2,6,1,2021-06-18 14:25:22.124000,-83,-87,-80,-80
2,6,1,2021-06-18 14:25:22.124000,-77,-89,-85,-78
2,6,1,2021-06-18 14:25:22.124000,-83,-255,-82,-81
2,6,1,2021-06-18 14:26:22.124000,-88,-89,-83,-80
2,6,1,2021-06-18 14:26:22.124000,-76,-85,-87,-80
2,6,1,2021-06-18 14:26:22.124000,-86,-81,-82,-80
2,6,1,2021-06-18 14:26:22.124000,-255,-90,-255,-78
2,6,1,2021-06-18 14:26:22.124000,-255,-255,-255,-79
2,6,1,2021-06-18 14:26:22.124000,-255,-255,-255,-80
5,6,1,2021-06-18 14:29:22.124000,-62,-89,-79,-255
5,6,1,2021-06-18 14:29:22.124000,-64,-91,-86,-255
5,6,1,2021-06-18 14:29:22.124000,-255,-84,-85,-255
5,6,1,2021-06-18 14:29:22.124000,-255,-85,-82,-255
5,6,1,2021-06-18 14:29:22.124000,-255,-255,-85,-255
5,6,1,2021-06-18 14:29:22.124000,-255,-255,-80,-255
5,6,1,2021-06-18 14:30:22.124000,-65,-85,-80,-255
5,6,1,2021-06-18 14:30:22.124000,-62,-82,-84,-255
5,6,1,2021-06-18 14:30:22.124000,-66,-86,-85,-255
5,6,1,2021-06-18 14:30:22.124000,-64,-83,-85,-255
5,6,1,2021-06-18 14:30:22.124000,-65,-83,-81,-255
5,6,1,2021-06-18 14:30:22.124000,-64,-255,-86,-255
5,6,1,2021-06-18 14:30:22.124000,-65,-255,-86,-255
5,6,1,2021-06-18 14:31:22.124000,-64,-83,-86,-255
5,6,1,2021-06-18 14:31:22.124000,-60,-87,-80,-255
5,6,1,2021-06-18 14:31:22.124000,-64,-82,-255,-255
5,6,1,2021-06-18 14:31:22.124000,-66,-86,-255,-255
5,6,1,2021-06-18 14:31:22.124000,-61,-255,-255,-255
5,6,1,2021-06-18 14:31:22.124000,-65,-255,-255,-255
5,6,1,2021-06-18 14:31:22.124000,-63,-255,-255,-255
5,6,1,2021-06-18 14:32:22.124000,-66,-83,-255,-255
5,6,1,2021-06-18 14:32:22.124000,-64,-83,-255,-255
5,6,1,2021-06-18 14:32:22.124000,-64,-86,-255,-255
5,6,1,2021-06-18 14:32:22.124000,-65,-83,-255,-255
5,6,1,2021-06-18 14:32:22.124000,-60,-255,-255,-255
5,6,1,2021-06-18 14:32:22.124000,-64,-255,-255,-255
5,6,1,2021-06-18 14:33:22.124000,-60,-83,-86,-255
5,6,1,2021-06-18 14:33:22.124000,-64,-86,-81,-255
5,6,1,2021-06-18 14:33:22.124000,-64,-89,-84,-255
5,6,1,2021-06-18 14:33:22.124000,-63,-84,-80,-255
5,6,1,2021-06-18 14:33:22.124000,-64,-86,-255,-255
4,4,1,2021-06-18 14:35:22.124000,-81,-73,-255,-255
4,4,1,2021-06-18 14:35:22.124000,-75,-76,-255,-255
4,4,1,2021-06-18 14:35:22.124000,-82,-75,-255,-255
4,4,1,2021-06-18 14:35:22.124000,-64,-76,-255,-255
4,4,1,2021-06-18 14:35:22.124000,-76,-76,-255,-255
4,4,1,2021-06-18 14:35:22.124000,-77,-255,-255,-255
4,4,1,2021-06-18 14:35:22.124000,-86,-255,-255,-255
4,4,1,2021-06-18 14:36:22.124000,-255,-76,-85,-255
4,4,1,2021-06-18 14:36:22.124000,-255,-74,-84,-255
4,4,1,2021-06-18 14:36:22.124000,-255,-74,-88,-255
4,4,1,2021-06-18 14:36:22.124000,-255,-76,-82,-255
4,4,1,2021-06-18 14:36:22.124000,-255,-76,-255,-255
4,4,1,2021-06-18 14:36:22.124000,-255,-75,-255,-255
4,4,1,2021-06-18 14:36:22.124000,-255,-76,-255,-255
4,4,1,2021-06-18 14:36:22.124000,-255,-75,-255,-255
4,4,1,2021-06-18 14:37:22.124000,-255,-255,-73,-255
4,4,1,2021-06-18 14:38:22.124000,-77,-255,-73,-255
4,4,1,2021-06-18 14:38:22.124000,-64,-255,-87,-255
4,4,1,2021-06-18 14:38:22.124000,-64,-255,-73,-255
4,4,1,2021-06-18 14:38:22.124000,-77,-255,-89,-255
4,4,1,2021-06-18 14:38:22.124000,-78,-255,-73,-255
4,4,1,2021-06-18 14:38:22.124000,-77,-255,-255,-255
4,4,1,2021-06-18 14:38:22.124000,-64,-255,-255,-255
4,4,1,2021-06-18 14:39:22.124000,-77,-74,-86,-255
4,4,1,2021-06-18 14:39:22.124000,-64,-77,-73,-255
4,4,1,2021-06-18 14:39:22.124000,-64,-74,-81,-255
4,4,1,2021-06-18 14:39:22.124000,-64,-76,-88,-255
4,4,1,2021-06-18 14:39:22.124000,-78,-77,-73,-255
4,4,1,2021-06-18 14:39:22.124000,-255,-77,-89,-255
4,4,1,2021-06-18 14:39:22.124000,-255,-74,-255,-255
4,4,1,2021-06-18 14:40:22.124000,-255,-76,-255,-255
4,4,1,2021-06-18 14:40:22.124000,-255,-74,-255,-255
4,4,1,2021-06-18 14:40:22.124000,-255,-76,-255,-255
4,4,1,2021-06-18 14:40:22.124000,-255,-76,-255,-255
4,4,1,2021-06-18 14:40:22.124000,-255,-74,-255,-255
2,4,1,2021-06-18 14:41:22.124000,-79,-78,-76,-255
2,4,1,2021-06-18 14:41:22.124000,-76,-81,-68,-255
2,4,1,2021-06-18 14:41:22.124000,-79,-83,-74,-255
2,4,1,2021-06-18 14:41:22.124000,-79,-77,-75,-255
2,4,1,2021-06-18 14:41:22.124000,-255,-255,-68,-255
2,4,1,2021-06-18 14:41:22.124000,-255,-255,-74,-255
2,4,1,2021-06-18 14:41:22.124000,-255,-255,-67,-255
2,4,1,2021-06-18 14:42:22.124000,-82,-73,-73,-255
2,4,1,2021-06-18 14:42:22.124000,-77,-81,-73,-255
2,4,1,2021-06-18 14:42:22.124000,-78,-76,-74,-255
2,4,1,2021-06-18 14:42:22.124000,-78,-80,-75,-255
2,4,1,2021-06-18 14:42:22.124000,-85,-71,-73,-255
2,4,1,2021-06-18 14:42:22.124000,-255,-79,-74,-255
2,4,1,2021-06-18 14:43:22.124000,-76,-255,-74,-255
2,4,1,2021-06-18 14:43:22.124000,-77,-255,-75,-255
2,4,1,2021-06-18 14:43:22.124000,-82,-255,-67,-255
2,4,1,2021-06-18 14:43:22.124000,-77,-255,-74,-255
2,4,1,2021-06-18 14:43:22.124000,-255,-255,-67,-255
2,4,1,2021-06-18 14:43:22.124000,-255,-255,-74,-255
2,4,1,2021-06-18 14:43:22.124000,-255,-255,-67,-255
2,4,1,2021-06-18 14:44:22.124000,-76,-255,-68,-255
2,4,1,2021-06-18 14:44:22.124000,-78,-255,-73,-255
2,4,1,2021-06-18 14:44:22.124000,-76,-255,-68,-255
2,4,1,2021-06-18 14:44:22.124000,-77,-255,-68,-255
2,4,1,2021-06-18 14:44:22.124000,-78,-255,-74,-255
2,4,1,2021-06-18 14:44:22.124000,-83,-255,-68,-255
2,4,1,2021-06-18 14:44:22.124000,-78,-255,-255,-255
2,4,1,2021-06-18 14:44:22.124000,-77,-255,-255,-255
2,4,1,2021-06-18 14:45:22.124000,-78,-79,-74,-255
2,4,1,2021-06-18 14:45:22.124000,-78,-76,-68,-255
2,4,1,2021-06-18 14:45:22.124000,-78,-71,-74,-255
2,4,1,2021-06-18 14:45:22.124000,-83,-255,-74,-255
2,4,1,2021-06-18 14:45:22.124000,-78,-255,-74,-255
2,4,1,2021-06-18 14:45:22.124000,-255,-255,-67,-255
2,4,1,2021-06-18 14:47:22.124000,-87,-255,-65,-255
2,4,1,2021-06-18 14:47:22.124000,-75,-255,-83,-255
2,4,1,2021-06-18 14:47:22.124000,-77,-255,-66,-255
2,4,1,2021-06-18 14:47:22.124000,-89,-255,-66,-255
2,4,1,2021-06-18 14:47:22.124000,-76,-255,-255,-255
2,4,1,2021-06-18 14:47:22.124000,-76,-255,-255,-255
2,4,1,2021-06-18 14:48:22.124000,-85,-79,-77,-255
2,4,1,2021-06-18 14:48:22.124000,-86,-72,-66,-255
2,4,1,2021-06-18 14:48:22.124000,-255,-79,-76,-255
2,4,1,2021-06-18 14:48:22.124000,-255,-80,-66,-255
2,4,1,2021-06-18 14:48:22.124000,-255,-73,-76,-255
2,4,1,2021-06-18 14:48:22.124000,-255,-82,-255,-255
2,4,1,2021-06-18 14:49:22.124000,-75,-81,-255,-255
2,4,1,2021-06-18 14:49:22.124000,-88,-74,-255,-255
2,4,1,2021-06-18 14:49:22.124000,-82,-80,-255,-255
2,4,1,2021-06-18 14:49:22.124000,-77,-81,-255,-255
2,4,1,2021-06-18 14:49:22.124000,-82,-255,-255,-255
2,4,1,2021-06-18 14:49:22.124000,-89,-255,-255,-255
2,4,1,2021-06-18 14:49:22.124000,-81,-255,-255,-255
2,4,1,2021-06-18 14:49:22.124000,-77,-255,-255,-255
2,4,1,2021-06-18 14:50:22.124000,-77,-80,-76,-255
2,4,1,2021-06-18 14:50:22.124000,-90,-81,-66,-255
2,4,1,2021-06-18 14:50:22.124000,-80,-81,-76,-255
2,4,1,2021-06-18 14:50:22.124000,-79,-81,-76,-255
2,4,1,2021-06-18 14:50:22.124000,-78,-74,-76,-255
2,4,1,2021-06-18 14:50:22.124000,-255,-80,-255,-255
2,4,1,2021-06-18 14:51:22.124000,-90,-72,-76,-255
2,4,1,2021-06-18 14:51:22.124000,-89,-81,-255,-255
2,4,1,2021-06-18 14:51:22.124000,-78,-73,-255,-255
2,4,1,2021-06-18 14:51:22.124000,-83,-82,-255,-255
2,4,1,2021-06-18 14:51:22.124000,-75,-73,-255,-255
2,4,1,2021-06-18 14:51:22.124000,-88,-255,-255,-255
2,4,1,2021-06-18 14:52:22.124000,-255,-255,-66,-255
2,4,1,2021-06-18 14:52:22.124000,-255,-255,-76,-255
2,4,1,2021-06-18 14:52:22.124000,-255,-255,-66,-255
2,4,1,2021-06-18 14:52:22.124000,-255,-255,-66,-255
2,4,1,2021-06-18 14:52:22.124000,-255,-255,-76,-255
5,4,1,2021-06-18 14:53:22.124000,-78,-255,-255,-255
5,4,1,2021-06-18 14:53:22.124000,-76,-255,-255,-255
5,4,1,2021-06-18 14:53:22.124000,-77,-255,-255,-255
5,4,1,2021-06-18 14:53:22.124000,-79,-255,-255,-255
5,4,1,2021-06-18 14:53:22.124000,-77,-255,-255,-255
5,4,1,2021-06-18 14:53:22.124000,-77,-255,-255,-255
5,4,1,2021-06-18 14:53:22.124000,-78,-255,-255,-255
5,4,1,2021-06-18 14:53:22.124000,-78,-255,-255,-255
5,4,1,2021-06-18 14:54:22.124000,-78,-59,-70,-255
5,4,1,2021-06-18 14:54:22.124000,-78,-64,-78,-255
5,4,1,2021-06-18 14:54:22.124000,-77,-74,-76,-255
5,4,1,2021-06-18 14:54:22.124000,-78,-60,-71,-255
5,4,1,2021-06-18 14:54:22.124000,-255,-64,-77,-255
5,4,1,2021-06-18 14:55:22.124000,-78,-64,-77,-255
5,4,1,2021-06-18 14:55:22.124000,-77,-61,-78,-255
5,4,1,2021-06-18 14:55:22.124000,-78,-74,-76,-255
5,4,1,2021-06-18 14:55:22.124000,-79,-75,-70,-255
5,4,1,2021-06-18 14:55:22.124000,-255,-255,-75,-255
5,4,1,2021-06-18 14:56:22.124000,-78,-60,-75,-255
5,4,1,2021-06-18 14:56:22.124000,-78,-63,-70,-255
5,4,1,2021-06-18 14:56:22.124000,-78,-74,-78,-255
5,4,1,2021-06-18 14:56:22.124000,-77,-60,-77,-255
5,4,1,2021-06-18 14:56:22.124000,-255,-61,-76,-255
5,4,1,2021-06-18 14:57:22.124000,-77,-74,-70,-255
5,4,1,2021-06-18 14:57:22.124000,-78,-59,-75,-255
5,4,1,2021-06-18 14:57:22.124000,-78,-78,-77,-255
5,4,1,2021-06-18 14:57:22.124000,-78,-65,-77,-255
5,4,1,2021-06-18 14:57:22.124000,-77,-255,-70,-255
5,4,1,2021-06-18 14:57:22.124000,-255,-255,-70,-255
5,4,1,2021-06-18 14:58:22.124000,-255,-75,-255,-255
5,4,1,2021-06-18 14:58:22.124000,-255,-62,-255,-255
5,4,1,2021-06-18 14:58:22.124000,-255,-61,-255,-255
5,4,1,2021-06-18 14:58:22.124000,-255,-73,-255,-255
5,4,1,2021-06-18 14:58:22.124000,-255,-64,-255,-255
5,4,1,2021-06-18 14:58:22.124000,-255,-61,-255,-255
4,3,1,2021-06-18 15:00:22.124000,-82,-80,-255,-255
4,3,1,2021-06-18 15:00:22.124000,-79,-78,-255,-255
4,3,1,2021-06-18 15:00:22.124000,-79,-89,-255,-255
4,3,1,2021-06-18 15:00:22.124000,-75,-68,-255,-255
4,3,1,2021-06-18 15:00:22.124000,-82,-78,-255,-255
4,3,1,2021-06-18 15:00:22.124000,-80,-255,-255,-255
4,3,1,2021-06-18 15:00:22.124000,-80,-255,-255,-255
4,3,1,2021-06-18 15:01:22.124000,-82,-84,-255,-255
4,3,1,2021-06-18 15:01:22.124000,-82,-67,-255,-255
4,3,1,2021-06-18 15:01:22.124000,-255,-83,-255,-255
4,3,1,2021-06-18 15:01:22.124000,-255,-82,-255,-255
4,3,1,2021-06-18 15:01:22.124000,-255,-68,-255,-255
4,3,1,2021-06-18 15:01:22.124000,-255,-88,-255,-255
4,3,1,2021-06-18 15:02:22.124000,-83,-87,-255,-255
4,3,1,2021-06-18 15:02:22.124000,-79,-94,-255,-255
4,3,1,2021-06-18 15:02:22.124000,-76,-82,-255,-255
4,3,1,2021-06-18 15:02:22.124000,-80,-83,-255,-255
4,3,1,2021-06-18 15:02:22.124000,-82,-86,-255,-255
4,3,1,2021-06-18 15:02:22.124000,-79,-255,-255,-255
4,3,1,2021-06-18 15:03:22.124000,-82,-68,-255,-255
4,3,1,2021-06-18 15:03:22.124000,-79,-69,-255,-255
4,3,1,2021-06-18 15:03:22.124000,-82,-89,-255,-255
4,3,1,2021-06-18 15:03:22.124000,-80,-78,-255,-255
4,3,1,2021-06-18 15:03:22.124000,-77,-78,-255,-255
4,3,1,2021-06-18 15:03:22.124000,-82,-87,-255,-255
4,3,1,2021-06-18 15:03:22.124000,-76,-67,-255,-255
4,3,1,2021-06-18 15:03:22.124000,-82,-255,-255,-255
4,3,1,2021-06-18 15:04:22.124000,-83,-255,-255,-255
4,3,1,2021-06-18 15:04:22.124000,-79,-255,-255,-255
4,3,1,2021-06-18 15:04:22.124000,-82,-255,-255,-255
4,3,1,2021-06-18 15:04:22.124000,-83,-255,-255,-255
4,3,1,2021-06-18 15:04:22.124000,-80,-255,-255,-255
4,3,1,2021-06-18 15:04:22.124000,-81,-255,-255,-255
4,2,1,2021-06-18 15:05:22.124000,-255,-74,-255,-255
4,2,1,2021-06-18 15:05:22.124000,-255,-69,-255,-255
4,2,1,2021-06-18 15:05:22.124000,-255,-69,-255,-255
4,2,1,2021-06-18 15:06:22.124000,-81,-67,-255,-255
4,2,1,2021-06-18 15:06:22.124000,-78,-68,-255,-255
4,2,1,2021-06-18 15:06:22.124000,-85,-70,-255,-255
4,2,1,2021-06-18 15:06:22.124000,-85,-68,-255,-255
4,2,1,2021-06-18 15:06:22.124000,-79,-69,-255,-255
4,2,1,2021-06-18 15:06:22.124000,-255,-68,-255,-255
4,2,1,2021-06-18 15:07:22.124000,-78,-255,-255,-255
4,2,1,2021-06-18 15:07:22.124000,-86,-255,-255,-255
4,2,1,2021-06-18 15:07:22.124000,-78,-255,-255,-255
4,2,1,2021-06-18 15:07:22.124000,-86,-255,-255,-255
4,2,1,2021-06-18 15:07:22.124000,-82,-255,-255,-255
4,2,1,2021-06-18 15:07:22.124000,-81,-255,-255,-255
4,2,1,2021-06-18 15:08:22.124000,-86,-255,-255,-255
4,2,1,2021-06-18 15:08:22.124000,-78,-255,-255,-255
4,2,1,2021-06-18 15:08:22.124000,-85,-255,-255,-255
4,2,1,2021-06-18 15:08:22.124000,-81,-255,-255,-255
4,2,1,2021-06-18 15:08:22.124000,-78,-255,-255,-255
4,2,1,2021-06-18 15:09:22.124000,-80,-70,-255,-255
4,2,1,2021-06-18 15:09:22.124000,-78,-70,-255,-255
4,2,1,2021-06-18 15:09:22.124000,-81,-69,-255,-255
4,2,1,2021-06-18 15:09:22.124000,-79,-69,-255,-255
4,2,1,2021-06-18 15:09:22.124000,-80,-69,-255,-255
4,2,1,2021-06-18 15:09:22.124000,-255,-70,-255,-255
4,2,1,2021-06-18 15:09:22.124000,-255,-68,-255,-255
4,2,1,2021-06-18 15:10:22.124000,-255,-69,-255,-255
4,2,1,2021-06-18 15:10:22.124000,-255,-68,-255,-255
4,2,1,2021-06-18 15:10:22.124000,-255,-69,-255,-255
4,2,1,2021-06-18 15:10:22.124000,-255,-68,-255,-255
4,2,1,2021-06-18 15:10:22.124000,-255,-69,-255,-255
4,2,1,2021-06-18 15:10:22.124000,-255,-69,-255,-255
4,2,1,2021-06-18 15:10:22.124000,-255,-69,-255,-255
4,2,1,2021-06-18 15:10:22.124000,-255,-67,-255,-255
4,1,1,2021-06-18 15:11:22.124000,-84,-255,-255,-255
4,1,1,2021-06-18 15:11:22.124000,-80,-255,-255,-255
4,1,1,2021-06-18 15:11:22.124000,-86,-255,-255,-255
4,1,1,2021-06-18 15:12:22.124000,-79,-66,-255,-255
4,1,1,2021-06-18 15:12:22.124000,-87,-65,-255,-255
4,1,1,2021-06-18 15:12:22.124000,-79,-255,-255,-255
4,1,1,2021-06-18 15:12:22.124000,-94,-255,-255,-255
4,1,1,2021-06-18 15:12:22.124000,-87,-255,-255,-255
4,1,1,2021-06-18 15:13:22.124000,-79,-68,-255,-255
4,1,1,2021-06-18 15:13:22.124000,-87,-69,-255,-255
4,1,1,2021-06-18 15:13:22.124000,-87,-73,-255,-255
4,1,1,2021-06-18 15:13:22.124000,-80,-68,-255,-255
4,1,1,2021-06-18 15:13:22.124000,-86,-69,-255,-255
4,1,1,2021-06-18 15:13:22.124000,-79,-68,-255,-255
4,1,1,2021-06-18 15:13:22.124000,-80,-255,-255,-255
4,1,1,2021-06-18 15:14:22.124000,-85,-68,-255,-255
4,1,1,2021-06-18 15:14:22.124000,-80,-76,-255,-255
4,1,1,2021-06-18 15:14:22.124000,-86,-68,-255,-255
4,1,1,2021-06-18 15:14:22.124000,-80,-76,-255,-255
4,1,1,2021-06-18 15:14:22.124000,-255,-74,-255,-255
4,1,1,2021-06-18 15:15:22.124000,-87,-74,-255,-255
4,1,1,2021-06-18 15:15:22.124000,-79,-67,-255,-255
4,1,1,2021-06-18 15:15:22.124000,-85,-68,-255,-255
4,1,1,2021-06-18 15:15:22.124000,-79,-66,-255,-255
4,1,1,2021-06-18 15:15:22.124000,-80,-255,-255,-255
4,1,1,2021-06-18 15:16:22.124000,-255,-72,-255,-255
4,1,1,2021-06-18 15:16:22.124000,-255,-66,-255,-255
4,1,1,2021-06-18 15:16:22.124000,-255,-73,-255,-255
4,1,1,2021-06-18 15:16:22.124000,-255,-67,-255,-255
4,1,1,2021-06-18 15:16:22.124000,-255,-75,-255,-255
2,2,1,2021-06-18 15:17:22.124000,-88,-61,-255,-255
2,2,1,2021-06-18 15:17:22.124000,-80,-53,-255,-255
2,2,1,2021-06-18 15:17:22.124000,-83,-63,-255,-255
2,2,1,2021-06-18 15:17:22.124000,-89,-64,-255,-255
2,2,1,2021-06-18 15:17:22.124000,-82,-68,-255,-255
2,2,1,2021-06-18 15:17:22.124000,-255,-67,-255,-255
2,2,1,2021-06-18 15:18:22.124000,-89,-55,-255,-255
2,2,1,2021-06-18 15:18:22.124000,-82,-52,-255,-255
2,2,1,2021-06-18 15:18:22.124000,-82,-53,-255,-255
2,2,1,2021-06-18 15:18:22.124000,-86,-52,-255,-255
2,2,1,2021-06-18 15:18:22.124000,-84,-255,-255,-255
2,2,1,2021-06-18 15:19:22.124000,-85,-53,-255,-255
2,2,1,2021-06-18 15:19:22.124000,-93,-58,-255,-255
2,2,1,2021-06-18 15:19:22.124000,-81,-54,-255,-255
2,2,1,2021-06-18 15:19:22.124000,-86,-53,-255,-255
2,2,1,2021-06-18 15:19:22.124000,-83,-52,-255,-255
2,2,1,2021-06-18 15:19:22.124000,-81,-53,-255,-255
2,2,1,2021-06-18 15:19:22.124000,-94,-57,-255,-255
2,2,1,2021-06-18 15:20:22.124000,-83,-58,-255,-255
2,2,1,2021-06-18 15:20:22.124000,-84,-56,-255,-255
2,2,1,2021-06-18 15:20:22.124000,-83,-56,-255,-255
2,2,1,2021-06-18 15:20:22.124000,-88,-55,-255,-255
2,2,1,2021-06-18 15:20:22.124000,-255,-55,-255,-255
2,2,1,2021-06-18 15:21:22.124000,-83,-55,-255,-255
2,2,1,2021-06-18 15:21:22.124000,-90,-55,-255,-255
2,2,1,2021-06-18 15:21:22.124000,-83,-70,-255,-255
2,2,1,2021-06-18 15:21:22.124000,-80,-74,-255,-255
2,2,1,2021-06-18 15:21:22.124000,-83,-64,-255,-255
2,2,1,2021-06-18 15:21:22.124000,-82,-255,-255,-255
0,4,1,2021-06-22 23:14:26.543000,-255,-87,-255,-255
0,4,1,2021-06-22 23:14:26.543000,-255,-87,-255,-255
0,4,1,2021-06-22 23:14:26.543000,-255,-88,-255,-255
0,4,1,2021-06-22 23:14:26.543000,-255,-91,-255,-255
0,4,1,2021-06-22 23:16:26.543000,-255,-88,-255,-255
0,4,1,2021-06-22 23:16:26.543000,-255,-86,-255,-255
0,4,1,2021-06-22 23:16:26.543000,-255,-92,-255,-255
0,4,1,2021-06-22 23:16:26.543000,-255,-91,-255,-255
0,4,1,2021-06-22 23:16:26.543000,-255,-88,-255,-255
0,4,1,2021-06-22 23:17:26.543000,-255,-88,-255,-255
0,4,1,2021-06-22 23:18:26.543000,-255,-86,-255,-255
1,4,1,2021-06-22 23:22:26.543000,-255,-88,-255,-255
1,4,1,2021-06-22 23:23:26.543000,-255,-91,-255,-255
1,4,1,2021-06-22 23:23:26.543000,-255,-87,-255,-255
5,4,1,2021-06-22 23:28:26.543000,-255,-69,-77,-255
5,4,1,2021-06-22 23:28:26.543000,-255,-74,-81,-255
5,4,1,2021-06-22 23:28:26.543000,-255,-68,-77,-255
5,4,1,2021-06-22 23:28:26.543000,-255,-68,-82,-255
5,4,1,2021-06-22 23:28:26.543000,-255,-255,-85,-255
5,4,1,2021-06-22 23:29:26.543000,-255,-73,-81,-255
5,4,1,2021-06-22 23:29:26.543000,-255,-67,-77,-255
5,4,1,2021-06-22 23:29:26.543000,-255,-68,-255,-255
5,4,1,2021-06-22 23:29:26.543000,-255,-68,-255,-255
5,4,1,2021-06-22 23:29:26.543000,-255,-72,-255,-255
5,4,1,2021-06-22 23:29:26.543000,-255,-68,-255,-255
5,4,1,2021-06-22 23:29:26.543000,-255,-67,-255,-255
5,4,1,2021-06-22 23:30:26.543000,-255,-75,-89,-255
5,4,1,2021-06-22 23:30:26.543000,-255,-67,-76,-255
5,4,1,2021-06-22 23:30:26.543000,-255,-67,-76,-255
5,4,1,2021-06-22 23:30:26.543000,-255,-68,-93,-255
5,4,1,2021-06-22 23:30:26.543000,-255,-68,-88,-255
5,4,1,2021-06-22 23:31:26.543000,-255,-68,-255,-255
5,4,1,2021-06-22 23:31:26.543000,-255,-74,-255,-255
5,4,1,2021-06-22 23:31:26.543000,-255,-68,-255,-255
5,4,1,2021-06-22 23:31:26.543000,-255,-68,-255,-255
5,4,1,2021-06-22 23:31:26.543000,-255,-67,-255,-255
5,4,1,2021-06-22 23:31:26.543000,-255,-68,-255,-255
5,4,1,2021-06-22 23:32:26.543000,-255,-73,-90,-255
5,4,1,2021-06-22 23:32:26.543000,-255,-67,-76,-255
5,4,1,2021-06-22 23:32:26.543000,-255,-68,-82,-255
5,4,1,2021-06-22 23:32:26.543000,-255,-74,-88,-255
5,4,1,2021-06-22 23:32:26.543000,-255,-68,-81,-255
5,4,1,2021-06-22 23:33:26.543000,-255,-255,-84,-255
5,4,1,2021-06-22 23:33:26.543000,-255,-255,-77,-255
5,4,1,2021-06-22 23:33:26.543000,-255,-255,-77,-255
5,4,1,2021-06-22 23:33:26.543000,-255,-255,-93,-255
5,4,1,2021-06-22 23:33:26.543000,-255,-255,-79,-255
3,4,1,2021-06-22 23:35:26.543000,-255,-80,-255,-255
3,4,1,2021-06-22 23:35:26.543000,-255,-70,-255,-255
3,4,1,2021-06-22 23:35:26.543000,-255,-81,-255,-255
3,4,1,2021-06-22 23:36:26.543000,-255,-71,-73,-255
3,4,1,2021-06-22 23:36:26.543000,-255,-76,-75,-255
3,4,1,2021-06-22 23:36:26.543000,-255,-76,-78,-255
3,4,1,2021-06-22 23:36:26.543000,-255,-71,-75,-255
3,4,1,2021-06-22 23:36:26.543000,-255,-75,-72,-255
3,4,1,2021-06-22 23:36:26.543000,-255,-255,-77,-255
3,4,1,2021-06-22 23:37:26.543000,-255,-83,-71,-255
3,4,1,2021-06-22 23:37:26.543000,-255,-69,-71,-255
3,4,1,2021-06-22 23:37:26.543000,-255,-75,-74,-255
3,4,1,2021-06-22 23:37:26.543000,-255,-69,-75,-255
3,4,1,2021-06-22 23:37:26.543000,-255,-255,-80,-255
3,4,1,2021-06-22 23:38:26.543000,-255,-255,-76,-255
3,4,1,2021-06-22 23:38:26.543000,-255,-255,-75,-255
3,4,1,2021-06-22 23:38:26.543000,-255,-255,-75,-255
3,4,1,2021-06-22 23:38:26.543000,-255,-255,-74,-255
3,4,1,2021-06-22 23:38:26.543000,-255,-255,-75,-255
3,4,1,2021-06-22 23:39:26.543000,-255,-81,-75,-255
3,4,1,2021-06-22 23:39:26.543000,-255,-67,-84,-255
3,4,1,2021-06-22 23:39:26.543000,-255,-71,-75,-255
3,4,1,2021-06-22 23:39:26.543000,-255,-255,-83,-255
3,4,1,2021-06-22 23:39:26.543000,-255,-255,-78,-255
3,4,1,2021-06-22 23:39:26.543000,-255,-255,-74,-255
3,4,1,2021-06-22 23:40:26.543000,-255,-77,-255,-255
3,4,1,2021-06-22 23:40:26.543000,-255,-73,-255,-255
3,4,1,2021-06-22 23:40:26.543000,-255,-65,-255,-255
5,1,1,2021-06-22 23:42:26.543000,-255,-68,-89,-255
5,1,1,2021-06-22 23:42:26.543000,-255,-79,-75,-255
5,1,1,2021-06-22 23:42:26.543000,-255,-65,-76,-255
5,1,1,2021-06-22 23:42:26.543000,-255,-80,-89,-255
5,1,1,2021-06-22 23:42:26.543000,-255,-69,-255,-255
5,1,1,2021-06-22 23:43:26.543000,-255,-73,-82,-255
5,1,1,2021-06-22 23:43:26.543000,-255,-64,-75,-255
5,1,1,2021-06-22 23:43:26.543000,-255,-89,-76,-255
5,1,1,2021-06-22 23:43:26.543000,-255,-66,-255,-255
5,1,1,2021-06-22 23:43:26.543000,-255,-73,-255,-255
5,1,1,2021-06-22 23:44:26.543000,-255,-72,-82,-255
5,1,1,2021-06-22 23:44:26.543000,-255,-66,-76,-255
5,1,1,2021-06-22 23:44:26.543000,-255,-68,-79,-255
5,1,1,2021-06-22 23:44:26.543000,-255,-75,-75,-255
5,1,1,2021-06-22 23:45:26.543000,-255,-255,-75,-255
5,1,1,2021-06-22 23:45:26.543000,-255,-255,-77,-255
5,1,1,2021-06-22 23:45:26.543000,-255,-255,-83,-255
5,1,1,2021-06-22 23:45:26.543000,-255,-255,-87,-255
5,1,1,2021-06-22 23:45:26.543000,-255,-255,-82,-255
5,1,1,2021-06-22 23:45:26.543000,-255,-255,-74,-255
5,1,1,2021-06-22 23:45:26.543000,-255,-255,-76,-255
5,1,1,2021-06-22 23:46:26.543000,-255,-68,-80,-255
5,1,1,2021-06-22 23:46:26.543000,-255,-76,-75,-255
5,1,1,2021-06-22 23:46:26.543000,-255,-64,-255,-255
3,1,1,2021-06-22 23:49:26.543000,-255,-64,-75,-255
3,1,1,2021-06-22 23:49:26.543000,-255,-61,-79,-255
3,1,1,2021-06-22 23:49:26.543000,-255,-66,-69,-255
3,1,1,2021-06-22 23:49:26.543000,-255,-71,-62,-255
3,1,1,2021-06-22 23:49:26.543000,-255,-255,-71,-255
3,1,1,2021-06-22 23:50:26.543000,-255,-255,-63,-255
3,1,1,2021-06-22 23:50:26.543000,-255,-255,-68,-255
3,1,1,2021-06-22 23:50:26.543000,-255,-255,-78,-255
3,1,1,2021-06-22 23:50:26.543000,-255,-255,-70,-255
3,1,1,2021-06-22 23:51:26.543000,-255,-66,-255,-255
3,1,1,2021-06-22 23:51:26.543000,-255,-60,-255,-255
3,1,1,2021-06-22 23:51:26.543000,-255,-69,-255,-255
3,1,1,2021-06-22 23:51:26.543000,-255,-61,-255,-255
3,1,1,2021-06-22 23:51:26.543000,-255,-67,-255,-255
3,1,1,2021-06-22 23:51:26.543000,-255,-61,-255,-255
3,1,1,2021-06-22 23:51:26.543000,-255,-66,-255,-255
3,1,1,2021-06-22 23:52:26.543000,-255,-66,-255,-255
3,1,1,2021-06-22 23:52:26.543000,-255,-61,-255,-255
3,1,1,2021-06-22 23:52:26.543000,-255,-66,-255,-255
3,1,1,2021-06-22 23:52:26.543000,-255,-71,-255,-255
3,1,1,2021-06-22 23:52:26.543000,-255,-65,-255,-255
3,1,1,2021-06-22 23:52:26.543000,-255,-70,-255,-255
3,1,1,2021-06-22 23:52:26.543000,-255,-60,-255,-255
3,1,1,2021-06-22 23:52:26.543000,-255,-58,-255,-255
3,1,1,2021-06-22 23:52:26.543000,-255,-69,-255,-255
3,1,1,2021-06-22 23:53:26.543000,-255,-60,-255,-255
3,1,1,2021-06-22 23:53:26.543000,-255,-68,-255,-255
3,1,1,2021-06-22 23:53:26.543000,-255,-61,-255,-255
3,1,1,2021-06-22 23:53:26.543000,-255,-64,-255,-255
3,1,1,2021-06-22 23:53:26.543000,-255,-67,-255,-255
3,3,1,2021-06-22 23:55:26.543000,-255,-58,-255,-255
3,3,1,2021-06-22 23:55:26.543000,-255,-57,-255,-255
3,3,1,2021-06-22 23:55:26.543000,-255,-57,-255,-255
3,3,1,2021-06-22 23:56:26.543000,-255,-59,-255,-255
3,3,1,2021-06-22 23:56:26.543000,-255,-57,-255,-255
3,3,1,2021-06-22 23:56:26.543000,-255,-58,-255,-255
3,3,1,2021-06-22 23:56:26.543000,-255,-58,-255,-255
3,3,1,2021-06-22 23:57:26.543000,-255,-79,-255,-255
3,3,1,2021-06-22 23:57:26.543000,-255,-58,-255,-255
3,3,1,2021-06-22 23:57:26.543000,-255,-58,-255,-255
3,3,1,2021-06-22 23:58:26.543000,-255,-58,-255,-255
3,3,1,2021-06-22 23:58:26.543000,-255,-58,-255,-255
3,3,1,2021-06-22 23:58:26.543000,-255,-59,-255,-255
3,3,1,2021-06-22 23:58:26.543000,-255,-57,-255,-255
3,3,1,2021-06-22 23:59:26.543000,-255,-59,-255,-255
3,3,1,2021-06-22 23:59:26.543000,-255,-56,-255,-255
3,3,1,2021-06-22 23:59:26.543000,-255,-57,-255,-255
3,3,1,2021-06-22 23:59:26.543000,-255,-57,-255,-255
3,3,1,2021-06-22 23:59:26.543000,-255,-85,-255,-255
3,3,1,2021-06-22 23:59:26.543000,-255,-59,-255,-255
2,6,1,2021-06-22 23:14:26.543000,-255,-93,-255,-255
2,6,1,2021-06-22 23:16:26.543000,-255,-91,-255,-255
2,6,1,2021-06-22 23:18:26.543000,-255,-91,-255,-255
0,4,1,2021-06-22 23:22:26.543000,-255,-85,-255,-255
0,4,1,2021-06-22 23:22:26.543000,-255,-85,-255,-255
0,4,1,2021-06-22 23:23:26.543000,-255,-90,-255,-255
0,4,1,2021-06-22 23:23:26.543000,-255,-84,-255,-255
2,4,1,2021-06-22 23:28:26.543000,-255,-68,-69,-255
2,4,1,2021-06-22 23:28:26.543000,-255,-73,-69,-255
2,4,1,2021-06-22 23:28:26.543000,-255,-255,-66,-255
2,4,1,2021-06-22 23:28:26.543000,-255,-255,-69,-255
2,4,1,2021-06-22 23:29:26.543000,-255,-66,-65,-255
2,4,1,2021-06-22 23:29:26.543000,-255,-68,-64,-255
2,4,1,2021-06-22 23:29:26.543000,-255,-69,-62,-255
2,4,1,2021-06-22 23:29:26.543000,-255,-255,-64,-255
2,4,1,2021-06-22 23:29:26.543000,-255,-255,-69,-255
2,4,1,2021-06-22 23:30:26.543000,-255,-74,-69,-255
2,4,1,2021-06-22 23:30:26.543000,-255,-66,-65,-255
2,4,1,2021-06-22 23:30:26.543000,-255,-74,-69,-255
2,4,1,2021-06-22 23:30:26.543000,-255,-69,-62,-255
2,4,1,2021-06-22 23:30:26.543000,-255,-74,-65,-255
2,4,1,2021-06-22 23:30:26.543000,-255,-69,-255,-255
2,4,1,2021-06-22 23:30:26.543000,-255,-73,-255,-255
2,4,1,2021-06-22 23:31:26.543000,-255,-66,-255,-255
2,4,1,2021-06-22 23:31:26.543000,-255,-69,-255,-255
2,4,1,2021-06-22 23:31:26.543000,-255,-74,-255,-255
2,4,1,2021-06-22 23:31:26.543000,-255,-69,-255,-255
2,4,1,2021-06-22 23:32:26.543000,-255,-66,-64,-255
2,4,1,2021-06-22 23:32:26.543000,-255,-69,-62,-255
2,4,1,2021-06-22 23:32:26.543000,-255,-74,-69,-255
2,4,1,2021-06-22 23:32:26.543000,-255,-66,-65,-255
2,4,1,2021-06-22 23:32:26.543000,-255,-68,-255,-255
2,4,1,2021-06-22 23:33:26.543000,-255,-255,-69,-255
2,4,1,2021-06-22 23:33:26.543000,-255,-255,-64,-255
2,4,1,2021-06-22 23:33:26.543000,-255,-255,-62,-255
2,4,1,2021-06-22 23:33:26.543000,-255,-255,-64,-255
2,4,1,2021-06-22 23:33:26.543000,-255,-255,-69,-255
2,4,1,2021-06-22 23:33:26.543000,-255,-255,-62,-255
2,4,1,2021-06-22 23:33:26.543000,-255,-255,-61,-255
2,3,1,2021-06-22 23:35:26.543000,-255,-54,-255,-255
2,3,1,2021-06-22 23:35:26.543000,-255,-54,-255,-255
2,3,1,2021-06-22 23:35:26.543000,-255,-57,-255,-255
2,3,1,2021-06-22 23:35:26.543000,-255,-55,-255,-255
2,3,1,2021-06-22 23:35:26.543000,-255,-58,-255,-255
2,3,1,2021-06-22 23:36:26.543000,-255,-57,-67,-255
2,3,1,2021-06-22 23:36:26.543000,-255,-58,-67,-255
2,3,1,2021-06-22 23:36:26.543000,-255,-55,-67,-255
2,3,1,2021-06-22 23:36:26.543000,-255,-57,-64,-255
2,3,1,2021-06-22 23:36:26.543000,-255,-58,-255,-255
2,3,1,2021-06-22 23:37:26.543000,-255,-57,-65,-255
2,3,1,2021-06-22 23:37:26.543000,-255,-57,-73,-255
2,3,1,2021-06-22 23:37:26.543000,-255,-55,-73,-255
2,3,1,2021-06-22 23:37:26.543000,-255,-58,-64,-255
2,3,1,2021-06-22 23:37:26.543000,-255,-57,-255,-255
2,3,1,2021-06-22 23:37:26.543000,-255,-54,-255,-255
2,3,1,2021-06-22 23:38:26.543000,-255,-255,-64,-255
2,3,1,2021-06-22 23:38:26.543000,-255,-255,-67,-255
2,3,1,2021-06-22 23:38:26.543000,-255,-255,-64,-255
2,3,1,2021-06-22 23:38:26.543000,-255,-255,-66,-255
2,3,1,2021-06-22 23:38:26.543000,-255,-255,-64,-255
2,3,1,2021-06-22 23:38:26.543000,-255,-255,-64,-255
2,3,1,2021-06-22 23:38:26.543000,-255,-255,-72,-255
2,3,1,2021-06-22 23:39:26.543000,-255,-55,-65,-255
2,3,1,2021-06-22 23:39:26.543000,-255,-58,-72,-255
2,3,1,2021-06-22 23:39:26.543000,-255,-58,-65,-255
2,3,1,2021-06-22 23:39:26.543000,-255,-54,-68,-255
2,3,1,2021-06-22 23:39:26.543000,-255,-54,-255,-255
2,3,1,2021-06-22 23:40:26.543000,-255,-59,-255,-255
2,3,1,2021-06-22 23:40:26.543000,-255,-54,-255,-255
2,3,1,2021-06-22 23:40:26.543000,-255,-57,-255,-255
2,3,1,2021-06-22 23:40:26.543000,-255,-57,-255,-255
2,3,1,2021-06-22 23:40:26.543000,-255,-57,-255,-255
2,3,1,2021-06-22 23:40:26.543000,-255,-54,-255,-255
2,3,1,2021-06-22 23:40:26.543000,-255,-57,-255,-255
2,1,1,2021-06-22 23:42:26.543000,-255,-66,-58,-255
2,1,1,2021-06-22 23:42:26.543000,-255,-65,-58,-255
2,1,1,2021-06-22 23:42:26.543000,-255,-67,-58,-255
2,1,1,2021-06-22 23:42:26.543000,-255,-62,-59,-255
2,1,1,2021-06-22 23:42:26.543000,-255,-65,-59,-255
2,1,1,2021-06-22 23:42:26.543000,-255,-255,-60,-255
2,1,1,2021-06-22 23:43:26.543000,-255,-64,-59,-255
2,1,1,2021-06-22 23:43:26.543000,-255,-64,-60,-255
2,1,1,2021-06-22 23:43:26.543000,-255,-61,-59,-255
2,1,1,2021-06-22 23:43:26.543000,-255,-63,-59,-255
2,1,1,2021-06-22 23:43:26.543000,-255,-255,-59,-255
2,1,1,2021-06-22 23:43:26.543000,-255,-255,-59,-255
2,1,1,2021-06-22 23:44:26.543000,-255,-65,-59,-255
2,1,1,2021-06-22 23:44:26.543000,-255,-62,-59,-255
2,1,1,2021-06-22 23:44:26.543000,-255,-65,-59,-255
2,1,1,2021-06-22 23:44:26.543000,-255,-66,-61,-255
2,1,1,2021-06-22 23:44:26.543000,-255,-255,-58,-255
2,1,1,2021-06-22 23:44:26.543000,-255,-255,-59,-255
2,1,1,2021-06-22 23:44:26.543000,-255,-255,-61,-255
2,1,1,2021-06-22 23:45:26.543000,-255,-255,-58,-255
2,1,1,2021-06-22 23:45:26.543000,-255,-255,-58,-255
2,1,1,2021-06-22 23:45:26.543000,-255,-255,-59,-255
2,1,1,2021-06-22 23:45:26.543000,-255,-255,-60,-255
2,1,1,2021-06-22 23:45:26.543000,-255,-255,-60,-255
2,1,1,2021-06-22 23:45:26.543000,-255,-255,-60,-255
2,1,1,2021-06-22 23:46:26.543000,-255,-66,-61,-255
2,1,1,2021-06-22 23:46:26.543000,-255,-65,-58,-255
2,1,1,2021-06-22 23:46:26.543000,-255,-61,-59,-255
2,1,1,2021-06-22 23:46:26.543000,-255,-66,-58,-255
2,1,1,2021-06-22 23:46:26.543000,-255,-61,-58,-255
2,1,1,2021-06-22 23:46:26.543000,-255,-65,-61,-255
2,1,1,2021-06-22 23:49:26.543000,-255,-65,-47,-255
2,1,1,2021-06-22 23:49:26.543000,-255,-73,-57,-255
2,1,1,2021-06-22 23:49:26.543000,-255,-72,-47,-255
2,1,1,2021-06-22 23:49:26.543000,-255,-66,-51,-255
2,1,1,2021-06-22 23:49:26.543000,-255,-70,-58,-255
2,1,1,2021-06-22 23:49:26.543000,-255,-69,-51,-255
2,1,1,2021-06-22 23:50:26.543000,-255,-255,-46,-255
2,1,1,2021-06-22 23:50:26.543000,-255,-255,-58,-255
2,1,1,2021-06-22 23:50:26.543000,-255,-255,-51,-255
2,1,1,2021-06-22 23:50:26.543000,-255,-255,-48,-255
2,1,1,2021-06-22 23:50:26.543000,-255,-255,-58,-255
2,1,1,2021-06-22 23:50:26.543000,-255,-255,-49,-255
2,1,1,2021-06-22 23:50:26.543000,-255,-255,-49,-255
2,1,1,2021-06-22 23:50:26.543000,-255,-255,-57,-255
2,1,1,2021-06-22 23:51:26.543000,-255,-69,-255,-255
2,1,1,2021-06-22 23:51:26.543000,-255,-65,-255,-255
2,1,1,2021-06-22 23:51:26.543000,-255,-73,-255,-255
2,1,1,2021-06-22 23:52:26.543000,-255,-71,-255,-255
2,1,1,2021-06-22 23:52:26.543000,-255,-65,-255,-255
2,1,1,2021-06-22 23:52:26.543000,-255,-71,-255,-255
2,1,1,2021-06-22 23:52:26.543000,-255,-74,-255,-255
2,1,1,2021-06-22 23:52:26.543000,-255,-65,-255,-255
2,1,1,2021-06-22 23:53:26.543000,-255,-71,-255,-255
2,1,1,2021-06-22 23:53:26.543000,-255,-66,-255,-255
2,1,1,2021-06-22 23:53:26.543000,-255,-69,-255,-255
2,1,1,2021-06-22 23:53:26.543000,-255,-74,-255,-255
2,1,1,2021-06-22 23:53:26.543000,-255,-72,-255,-255
2,1,1,2021-06-22 23:53:26.543000,-255,-71,-255,-255
2,1,1,2021-06-22 23:53:26.543000,-255,-65,-255,-255
2,1,1,2021-06-22 23:53:26.543000,-255,-70,-255,-255
3,2,1,2021-06-22 23:55:26.543000,-255,-58,-255,-255
3,2,1,2021-06-22 23:55:26.543000,-255,-58,-255,-255
3,2,1,2021-06-22 23:55:26.543000,-255,-59,-255,-255
3,2,1,2021-06-22 23:55:26.543000,-255,-59,-255,-255
3,2,1,2021-06-22 23:55:26.543000,-255,-58,-255,-255
3,2,1,2021-06-22 23:56:26.543000,-255,-60,-255,-255
3,2,1,2021-06-22 23:56:26.543000,-255,-60,-255,-255
3,2,1,2021-06-22 23:56:26.543000,-255,-59,-255,-255
3,2,1,2021-06-22 23:56:26.543000,-255,-59,-255,-255
3,2,1,2021-06-22 23:56:26.543000,-255,-60,-255,-255
3,2,1,2021-06-22 23:56:26.543000,-255,-58,-255,-255
3,2,1,2021-06-22 23:57:26.543000,-255,-58,-255,-255
3,2,1,2021-06-22 23:57:26.543000,-255,-57,-255,-255
3,2,1,2021-06-22 23:57:26.543000,-255,-58,-255,-255
3,2,1,2021-06-22 23:57:26.543000,-255,-58,-255,-255
3,2,1,2021-06-22 23:57:26.543000,-255,-59,-255,-255
3,2,1,2021-06-22 23:57:26.543000,-255,-59,-255,-255
3,2,1,2021-06-22 23:58:26.543000,-255,-59,-255,-255
3,2,1,2021-06-22 23:58:26.543000,-255,-60,-255,-255
3,2,1,2021-06-22 23:58:26.543000,-255,-58,-255,-255
3,2,1,2021-06-22 23:58:26.543000,-255,-61,-255,-255
3,2,1,2021-06-22 23:58:26.543000,-255,-58,-255,-255
3,2,1,2021-06-22 23:58:26.543000,-255,-59,-255,-255
3,2,1,2021-06-22 23:58:26.543000,-255,-57,-255,-255
3,2,1,2021-06-22 23:58:26.543000,-255,-60,-255,-255
3,2,1,2021-06-22 23:59:26.543000,-255,-60,-255,-255
3,2,1,2021-06-22 23:59:26.543000,-255,-59,-255,-255
3,2,1,2021-06-22 23:59:26.543000,-255,-59,-255,-255
3,2,1,2021-06-22 23:59:26.543000,-255,-59,-255,-255
3,2,1,2021-06-22 23:59:26.543000,-255,-59,-255,-255
3,2,1,2021-06-22 23:59:26.543000,-255,-58,-255,-255