x,y,z,date,scanner1,scanner2,scanner3,scanner4,dist1,dist2,dist3,dist4
2,2,1,2021-08-01 21:32:25.992000,-76,-79,-59,-70,8.7902,11.0662,2.3841,5.5463
2,2,1,2021-08-01 21:32:25.992000,-79,-77,-59,-71,11.0662,9.4915,2.3841,5.9887
2,2,1,2021-08-01 21:32:25.992000,-76,-70,-59,-70,8.7902,5.5463,2.3841,5.5463
2,2,1,2021-08-01 21:32:25.992000,-79,-75,-58,-70,11.0662,8.1408,2.2080,5.5463
2,2,1,2021-08-01 21:32:25.992000,-79,-255,-255,-69,11.0662,50.0000,50.0000,5.1365
2,2,1,2021-08-01 21:32:25.992000,-75,-255,-255,-255,8.1408,50.0000,50.0000,50.0000
2,2,1,2021-08-01 21:32:25.992000,-76,-66,-59,-51,8.7902,4.0801,2.3841,1.2902
2,2,1,2021-08-01 21:32:25.992000,-85,-75,-62,-46,17.5388,8.1408,3.0015,0.8790
2,2,1,2021-08-01 21:32:25.992000,-78,-255,-61,-51,10.2487,50.0000,2.7797,1.2902
2,2,1,2021-08-01 21:32:25.992000,-77,-255,-62,-52,9.4915,50.0000,3.0015,1.3932
2,2,1,2021-08-01 21:32:25.992000,-86,-255,-255,-46,18.9380,50.0000,50.0000,0.8790
2,2,1,2021-08-01 21:32:25.992000,-75,-255,-255,-255,8.1408,50.0000,50.0000,50.0000
2,2,1,2021-08-01 21:32:25.992000,-78,-255,-255,-255,10.2487,50.0000,50.0000,50.0000
2,2,1,2021-08-01 21:33:25.992000,-76,-82,-58,-63,8.7902,13.9316,2.2080,3.2409
2,2,1,2021-08-01 21:33:25.992000,-76,-71,-60,-71,8.7902,5.9887,2.5743,5.9887
2,2,1,2021-08-01 21:33:25.992000,-79,-75,-255,-71,11.0662,8.1408,50.0000,5.9887
2,2,1,2021-08-01 21:33:25.992000,-74,-70,-255,-70,7.5393,5.5463,50.0000,5.5463
2,2,1,2021-08-01 21:33:25.992000,-75,-75,-255,-255,8.1408,8.1408,50.0000,50.0000
2,2,1,2021-08-01 21:33:25.992000,-78,-255,-255,-255,10.2487,50.0000,50.0000,50.0000
2,2,1,2021-08-01 21:33:25.992000,-75,-65,-60,-46,8.1408,3.7786,2.5743,0.8790
2,2,1,2021-08-01 21:33:25.992000,-86,-73,-59,-51,18.9380,6.9823,2.3841,1.2902
2,2,1,2021-08-01 21:33:25.992000,-76,-66,-59,-76,8.7902,4.0801,2.3841,8.7902
2,2,1,2021-08-01 21:33:25.992000,-78,-79,-63,-53,10.2487,11.0662,3.2409,1.5043
2,2,1,2021-08-01 21:33:25.992000,-88,-255,-255,-51,22.0800,50.0000,50.0000,1.2902
2,2,1,2021-08-01 21:33:25.992000,-78,-255,-255,-255,10.2487,50.0000,50.0000,50.0000
2,2,1,2021-08-01 21:34:25.992000,-78,-75,-60,-71,10.2487,8.1408,2.5743,5.9887
2,2,1,2021-08-01 21:34:25.992000,-76,-70,-59,-71,8.7902,5.5463,2.3841,5.9887
2,2,1,2021-08-01 21:34:25.992000,-76,-74,-62,-71,8.7902,7.5393,3.0015,5.9887
2,2,1,2021-08-01 21:34:25.992000,-74,-81,-59,-72,7.5393,12.9023,2.3841,6.4665
2,2,1,2021-08-01 21:34:25.992000,-79,-255,-255,-71,11.0662,50.0000,50.0000,5.9887
2,2,1,2021-08-01 21:34:25.992000,-255,-255,-255,-64,50.0000,50.0000,50.0000,3.4995
2,2,1,2021-08-01 21:34:25.992000,-78,-74,-63,-50,10.2487,7.5393,3.2409,1.1949
2,2,1,2021-08-01 21:34:25.992000,-80,-73,-62,-51,11.9490,6.9823,3.0015,1.2902
2,2,1,2021-08-01 21:34:25.992000,-87,-77,-60,-51,20.4487,9.4915,2.5743,1.2902
2,2,1,2021-08-01 21:34:25.992000,-77,-66,-62,-51,9.4915,4.0801,3.0015,1.2902
2,2,1,2021-08-01 21:34:25.992000,-78,-74,-58,-47,10.2487,7.5393,2.2080,0.9491
2,2,1,2021-08-01 21:34:25.992000,-255,-65,-255,-78,50.0000,3.7786,50.0000,10.2487
1,2,1,2021-08-01 21:35:25.992000,-88,-88,-58,-255,22.0800,22.0800,2.2080,50.0000
1,2,1,2021-08-01 21:35:25.992000,-76,-77,-59,-255,8.7902,9.4915,2.3841,50.0000
1,2,1,2021-08-01 21:35:25.992000,-76,-81,-62,-255,8.7902,12.9023,3.0015,50.0000
1,2,1,2021-08-01 21:35:25.992000,-77,-79,-62,-255,9.4915,11.0662,3.0015,50.0000
1,2,1,2021-08-01 21:35:25.992000,-75,-255,-58,-255,8.1408,50.0000,2.2080,50.0000
1,2,1,2021-08-01 21:35:25.992000,-87,-255,-255,-255,20.4487,50.0000,50.0000,50.0000
1,2,1,2021-08-01 21:35:25.992000,-74,-71,-59,-255,7.5393,5.9887,2.3841,50.0000
1,2,1,2021-08-01 21:35:25.992000,-78,-72,-58,-255,10.2487,6.4665,2.2080,50.0000
1,2,1,2021-08-01 21:35:25.992000,-74,-78,-59,-255,7.5393,10.2487,2.3841,50.0000
1,2,1,2021-08-01 21:35:25.992000,-78,-73,-58,-255,10.2487,6.9823,2.2080,50.0000
1,2,1,2021-08-01 21:35:25.992000,-74,-72,-59,-255,7.5393,6.4665,2.3841,50.0000
1,2,1,2021-08-01 21:36:25.992000,-86,-66,-63,-51,18.9380,4.0801,3.2409,1.2902
1,2,1,2021-08-01 21:36:25.992000,-75,-73,-63,-46,8.1408,6.9823,3.2409,0.8790
1,2,1,2021-08-01 21:36:25.992000,-78,-77,-62,-52,10.2487,9.4915,3.0015,1.3932
1,2,1,2021-08-01 21:36:25.992000,-77,-74,-62,-51,9.4915,7.5393,3.0015,1.2902
1,2,1,2021-08-01 21:36:25.992000,-84,-255,-62,-255,16.2430,50.0000,3.0015,50.0000
1,2,1,2021-08-01 21:36:25.992000,-255,-255,-61,-255,50.0000,50.0000,2.7797,50.0000
1,2,1,2021-08-01 21:36:25.992000,-255,-255,-59,-255,50.0000,50.0000,2.3841,50.0000
1,2,1,2021-08-01 21:36:25.992000,-255,-255,-63,-255,50.0000,50.0000,3.2409,50.0000
1,2,1,2021-08-01 21:36:25.992000,-77,-79,-61,-70,9.4915,11.0662,2.7797,5.5463
1,2,1,2021-08-01 21:36:25.992000,-76,-75,-58,-70,8.7902,8.1408,2.2080,5.5463
1,2,1,2021-08-01 21:36:25.992000,-79,-80,-60,-70,11.0662,11.9490,2.5743,5.5463
1,2,1,2021-08-01 21:36:25.992000,-79,-71,-59,-70,11.0662,5.9887,2.3841,5.5463
1,2,1,2021-08-01 21:36:25.992000,-76,-255,-60,-63,8.7902,50.0000,2.5743,3.2409
1,2,1,2021-08-01 21:36:25.992000,-80,-255,-59,-64,11.9490,50.0000,2.3841,3.4995
1,2,1,2021-08-01 21:36:25.992000,-255,-255,-59,-255,50.0000,50.0000,2.3841,50.0000
1,2,1,2021-08-01 21:36:25.992000,-255,-255,-61,-255,50.0000,50.0000,2.7797,50.0000
3,2,1,2021-08-01 21:37:25.992000,-81,-255,-51,-255,12.9023,50.0000,1.2902,50.0000
3,2,1,2021-08-01 21:37:25.992000,-76,-255,-56,-255,8.7902,50.0000,1.8938,50.0000
3,2,1,2021-08-01 21:37:25.992000,-79,-255,-51,-255,11.0662,50.0000,1.2902,50.0000
3,2,1,2021-08-01 21:37:25.992000,-78,-255,-45,-255,10.2487,50.0000,0.8141,50.0000
3,2,1,2021-08-01 21:37:25.992000,-79,-255,-55,-255,11.0662,50.0000,1.7539,50.0000
3,2,1,2021-08-01 21:37:25.992000,-85,-255,-55,-255,17.5388,50.0000,1.7539,50.0000
3,2,1,2021-08-01 21:37:25.992000,-84,-255,-59,-255,16.2430,50.0000,2.3841,50.0000
3,2,1,2021-08-01 21:37:25.992000,-87,-255,-60,-255,20.4487,50.0000,2.5743,50.0000
3,2,1,2021-08-01 21:37:25.992000,-85,-255,-71,-255,17.5388,50.0000,5.9887,50.0000
3,2,1,2021-08-01 21:37:25.992000,-79,-255,-57,-255,11.0662,50.0000,2.0449,50.0000
3,2,1,2021-08-01 21:38:25.992000,-83,-87,-45,-68,15.0430,20.4487,0.8141,4.7570
3,2,1,2021-08-01 21:38:25.992000,-81,-71,-45,-68,12.9023,5.9887,0.8141,4.7570
3,2,1,2021-08-01 21:38:25.992000,-79,-74,-55,-80,11.0662,7.5393,1.7539,11.9490
3,2,1,2021-08-01 21:38:25.992000,-79,-89,-52,-78,11.0662,23.8415,1.3932,10.2487
3,2,1,2021-08-01 21:38:25.992000,-83,-75,-55,-75,15.0430,8.1408,1.7539,8.1408
3,2,1,2021-08-01 21:38:25.992000,-79,-255,-255,-79,11.0662,50.0000,50.0000,11.0662
3,2,1,2021-08-01 21:38:25.992000,-255,-255,-255,-72,50.0000,50.0000,50.0000,6.4665
3,2,1,2021-08-01 21:38:25.992000,-78,-60,-51,-46,10.2487,2.5743,1.2902,0.8790
3,2,1,2021-08-01 21:38:25.992000,-88,-69,-65,-56,22.0800,5.1365,3.7786,1.8938
3,2,1,2021-08-01 21:38:25.992000,-85,-70,-51,-66,17.5388,5.5463,1.2902,4.0801
3,2,1,2021-08-01 21:38:25.992000,-87,-59,-65,-72,20.4487,2.3841,3.7786,6.4665
3,2,1,2021-08-01 21:38:25.992000,-89,-80,-255,-68,23.8415,11.9490,50.0000,4.7570
3,2,1,2021-08-01 21:38:25.992000,-81,-70,-255,-255,12.9023,5.5463,50.0000,50.0000
3,2,1,2021-08-01 21:38:25.992000,-91,-255,-255,-255,27.7971,50.0000,50.0000,50.0000
4,2,1,2021-08-01 21:39:25.992000,-78,-65,-54,-74,10.2487,3.7786,1.6243,7.5393
4,2,1,2021-08-01 21:39:25.992000,-93,-60,-64,-73,32.4091,2.5743,3.4995,6.9823
4,2,1,2021-08-01 21:39:25.992000,-86,-69,-52,-76,18.9380,5.1365,1.3932,8.7902
4,2,1,2021-08-01 21:39:25.992000,-87,-60,-82,-76,20.4487,2.5743,13.9316,8.7902
4,2,1,2021-08-01 21:39:25.992000,-79,-70,-52,-66,11.0662,5.5463,1.3932,4.0801
4,2,1,2021-08-01 21:39:25.992000,-93,-65,-55,-65,32.4091,3.7786,1.7539,3.7786
4,2,1,2021-08-01 21:39:25.992000,-255,-255,-50,-255,50.0000,50.0000,1.1949,50.0000
4,2,1,2021-08-01 21:39:25.992000,-77,-79,-55,-71,9.4915,11.0662,1.7539,5.9887
4,2,1,2021-08-01 21:39:25.992000,-82,-75,-45,-69,13.9316,8.1408,0.8141,5.1365
4,2,1,2021-08-01 21:39:25.992000,-79,-74,-55,-70,11.0662,7.5393,1.7539,5.5463
4,2,1,2021-08-01 21:39:25.992000,-84,-71,-45,-71,16.2430,5.9887,0.8141,5.9887
4,2,1,2021-08-01 21:39:25.992000,-79,-74,-48,-78,11.0662,7.5393,1.0249,10.2487
4,2,1,2021-08-01 21:39:25.992000,-81,-73,-45,-255,12.9023,6.9823,0.8141,50.0000
4,2,1,2021-08-01 21:39:25.992000,-255,-73,-255,-255,50.0000,6.9823,50.0000,50.0000
4,2,1,2021-08-01 21:39:25.992000,-255,-77,-255,-255,50.0000,9.4915,50.0000,50.0000
3,2,1,2021-08-01 21:40:25.992000,-79,-71,-44,-70,11.0662,5.9887,0.7539,5.5463
3,2,1,2021-08-01 21:40:25.992000,-79,-73,-55,-69,11.0662,6.9823,1.7539,5.1365
3,2,1,2021-08-01 21:40:25.992000,-255,-71,-45,-68,50.0000,5.9887,0.8141,4.7570
3,2,1,2021-08-01 21:40:25.992000,-255,-82,-50,-81,50.0000,13.9316,1.1949,12.9023
3,2,1,2021-08-01 21:40:25.992000,-255,-74,-45,-75,50.0000,7.5393,0.8141,8.1408
3,2,1,2021-08-01 21:40:25.992000,-255,-82,-44,-255,50.0000,13.9316,0.7539,50.0000
3,2,1,2021-08-01 21:40:25.992000,-255,-255,-54,-255,50.0000,50.0000,1.6243,50.0000
3,2,1,2021-08-01 21:40:25.992000,-83,-69,-54,-75,15.0430,5.1365,1.6243,8.1408
3,2,1,2021-08-01 21:40:25.992000,-88,-66,-52,-65,22.0800,4.0801,1.3932,3.7786
3,2,1,2021-08-01 21:40:25.992000,-91,-60,-64,-65,27.7971,2.5743,3.4995,3.7786
3,2,1,2021-08-01 21:40:25.992000,-86,-70,-52,-66,18.9380,5.5463,1.3932,4.0801
3,2,1,2021-08-01 21:40:25.992000,-90,-65,-255,-66,25.7434,3.7786,50.0000,4.0801
3,2,1,2021-08-01 21:40:25.992000,-255,-255,-255,-64,50.0000,50.0000,50.0000,3.4995
4,2,1,2021-08-01 21:41:25.992000,-86,-60,-50,-76,18.9380,2.5743,1.1949,8.7902
4,2,1,2021-08-01 21:41:25.992000,-82,-69,-50,-65,13.9316,5.1365,1.1949,3.7786
4,2,1,2021-08-01 21:41:25.992000,-89,-60,-66,-65,23.8415,2.5743,4.0801,3.7786
4,2,1,2021-08-01 21:41:25.992000,-78,-255,-52,-65,10.2487,50.0000,1.3932,3.7786
4,2,1,2021-08-01 21:41:25.992000,-84,-255,-54,-255,16.2430,50.0000,1.6243,50.0000
4,2,1,2021-08-01 21:41:25.992000,-255,-255,-65,-255,50.0000,50.0000,3.7786,50.0000
4,2,1,2021-08-01 21:41:25.992000,-82,-73,-48,-68,13.9316,6.9823,1.0249,4.7570
4,2,1,2021-08-01 21:41:25.992000,-78,-71,-51,-78,10.2487,5.9887,1.2902,10.2487
4,2,1,2021-08-01 21:41:25.992000,-88,-81,-46,-67,22.0800,12.9023,0.8790,4.4055
4,2,1,2021-08-01 21:41:25.992000,-82,-71,-51,-68,13.9316,5.9887,1.2902,4.7570
4,2,1,2021-08-01 21:41:25.992000,-89,-79,-54,-255,23.8415,11.0662,1.6243,50.0000
3,2,1,2021-08-01 21:42:25.992000,-255,-81,-255,-68,50.0000,12.9023,50.0000,4.7570
3,2,1,2021-08-01 21:42:25.992000,-255,-74,-255,-80,50.0000,7.5393,50.0000,11.9490
3,2,1,2021-08-01 21:42:25.992000,-255,-80,-255,-75,50.0000,11.9490,50.0000,8.1408
3,2,1,2021-08-01 21:42:25.992000,-255,-71,-255,-71,50.0000,5.9887,50.0000,5.9887
3,2,1,2021-08-01 21:42:25.992000,-255,-75,-255,-69,50.0000,8.1408,50.0000,5.1365
3,2,1,2021-08-01 21:42:25.992000,-255,-255,-255,-68,50.0000,50.0000,50.0000,4.7570
3,2,1,2021-08-01 21:42:25.992000,-255,-84,-255,-64,50.0000,16.2430,50.0000,3.4995
3,2,1,2021-08-01 21:42:25.992000,-255,-87,-255,-66,50.0000,20.4487,50.0000,4.0801
3,2,1,2021-08-01 21:42:25.992000,-255,-63,-255,-66,50.0000,3.2409,50.0000,4.0801
3,2,1,2021-08-01 21:42:25.992000,-255,-66,-255,-64,50.0000,4.0801,50.0000,3.4995
3,2,1,2021-08-01 21:42:25.992000,-255,-63,-255,-72,50.0000,3.2409,50.0000,6.4665
3,2,1,2021-08-01 21:42:25.992000,-255,-64,-255,-255,50.0000,3.4995,50.0000,50.0000
2,3,1,2021-08-01 21:44:25.992000,-255,-60,-63,-73,50.0000,2.5743,3.2409,6.9823
2,3,1,2021-08-01 21:44:25.992000,-255,-81,-64,-74,50.0000,12.9023,3.4995,7.5393
2,3,1,2021-08-01 21:44:25.992000,-255,-63,-58,-73,50.0000,3.2409,2.2080,6.9823
2,3,1,2021-08-01 21:44:25.992000,-255,-81,-65,-66,50.0000,12.9023,3.7786,4.0801
2,3,1,2021-08-01 21:44:25.992000,-255,-80,-58,-66,50.0000,11.9490,2.2080,4.0801
2,3,1,2021-08-01 21:44:25.992000,-255,-255,-65,-255,50.0000,50.0000,3.7786,50.0000
2,3,1,2021-08-01 21:44:25.992000,-255,-255,-63,-255,50.0000,50.0000,3.2409,50.0000
2,3,1,2021-08-01 21:44:25.992000,-255,-255,-58,-255,50.0000,50.0000,2.2080,50.0000
2,3,1,2021-08-01 21:44:25.992000,-255,-73,-67,-57,50.0000,6.9823,4.4055,2.0449
2,3,1,2021-08-01 21:44:25.992000,-255,-75,-71,-59,50.0000,8.1408,5.9887,2.3841
2,3,1,2021-08-01 21:44:25.992000,-255,-71,-63,-59,50.0000,5.9887,3.2409,2.3841
2,3,1,2021-08-01 21:44:25.992000,-255,-72,-67,-255,50.0000,6.4665,4.4055,50.0000
2,3,1,2021-08-01 21:44:25.992000,-255,-71,-70,-255,50.0000,5.9887,5.5463,50.0000
2,3,1,2021-08-01 21:44:25.992000,-255,-255,-63,-255,50.0000,50.0000,3.2409,50.0000
2,3,1,2021-08-01 21:45:25.992000,-89,-61,-255,-65,23.8415,2.7797,50.0000,3.7786
2,3,1,2021-08-01 21:45:25.992000,-95,-74,-255,-255,37.7862,7.5393,50.0000,50.0000
2,3,1,2021-08-01 21:45:25.992000,-87,-62,-255,-255,20.4487,3.0015,50.0000,50.0000
2,3,1,2021-08-01 21:45:25.992000,-72,-64,-255,-255,6.4665,3.4995,50.0000,50.0000
2,3,1,2021-08-01 21:45:25.992000,-73,-81,-255,-255,6.9823,12.9023,50.0000,50.0000
2,3,1,2021-08-01 21:45:25.992000,-71,-255,-255,-255,5.9887,50.0000,50.0000,50.0000
2,3,1,2021-08-01 21:45:25.992000,-77,-71,-255,-60,9.4915,5.9887,50.0000,2.5743
2,3,1,2021-08-01 21:45:25.992000,-89,-72,-255,-255,23.8415,6.4665,50.0000,50.0000
2,3,1,2021-08-01 21:45:25.992000,-91,-72,-255,-255,27.7971,6.4665,50.0000,50.0000
2,3,1,2021-08-01 21:45:25.992000,-86,-72,-255,-255,18.9380,6.4665,50.0000,50.0000
2,3,1,2021-08-01 21:45:25.992000,-85,-71,-255,-255,17.5388,5.9887,50.0000,50.0000
2,3,1,2021-08-01 21:46:25.992000,-86,-60,-63,-65,18.9380,2.5743,3.2409,3.7786
2,3,1,2021-08-01 21:46:25.992000,-72,-71,-64,-72,6.4665,5.9887,3.4995,6.4665
2,3,1,2021-08-01 21:46:25.992000,-72,-62,-58,-73,6.4665,3.0015,2.2080,6.9823
2,3,1,2021-08-01 21:46:25.992000,-90,-82,-64,-66,25.7434,13.9316,3.4995,4.0801
2,3,1,2021-08-01 21:46:25.992000,-73,-71,-255,-255,6.9823,5.9887,50.0000,50.0000
2,3,1,2021-08-01 21:46:25.992000,-88,-73,-70,-57,22.0800,6.9823,5.5463,2.0449
2,3,1,2021-08-01 21:46:25.992000,-76,-73,-67,-57,8.7902,6.9823,4.4055,2.0449
2,3,1,2021-08-01 21:46:25.992000,-77,-73,-71,-60,9.4915,6.9823,5.9887,2.5743
2,3,1,2021-08-01 21:46:25.992000,-88,-70,-255,-60,22.0800,5.5463,50.0000,2.5743
2,3,1,2021-08-01 21:46:25.992000,-88,-73,-255,-60,22.0800,6.9823,50.0000,2.5743
2,3,1,2021-08-01 21:46:25.992000,-89,-72,-255,-255,23.8415,6.4665,50.0000,50.0000
2,3,1,2021-08-01 21:46:25.992000,-255,-72,-255,-255,50.0000,6.4665,50.0000,50.0000
2,3,1,2021-08-01 21:47:25.992000,-75,-74,-64,-73,8.1408,7.5393,3.4995,6.9823
2,3,1,2021-08-01 21:47:25.992000,-86,-60,-58,-66,18.9380,2.5743,2.2080,4.0801
2,3,1,2021-08-01 21:47:25.992000,-72,-80,-58,-255,6.4665,11.9490,2.2080,50.0000
2,3,1,2021-08-01 21:47:25.992000,-73,-69,-64,-255,6.9823,5.1365,3.4995,50.0000
2,3,1,2021-08-01 21:47:25.992000,-92,-255,-62,-255,30.0147,50.0000,3.0015,50.0000
2,3,1,2021-08-01 21:47:25.992000,-255,-255,-58,-255,50.0000,50.0000,2.2080,50.0000
2,3,1,2021-08-01 21:47:25.992000,-77,-72,-63,-60,9.4915,6.4665,3.2409,2.5743
2,3,1,2021-08-01 21:47:25.992000,-89,-73,-63,-58,23.8415,6.9823,3.2409,2.2080
2,3,1,2021-08-01 21:47:25.992000,-92,-73,-63,-57,30.0147,6.9823,3.2409,2.0449
2,3,1,2021-08-01 21:47:25.992000,-90,-71,-71,-59,25.7434,5.9887,5.9887,2.3841
2,3,1,2021-08-01 21:47:25.992000,-90,-73,-255,-59,25.7434,6.9823,50.0000,2.3841
2,3,1,2021-08-01 21:47:25.992000,-90,-73,-255,-61,25.7434,6.9823,50.0000,2.7797
2,3,1,2021-08-01 21:47:25.992000,-78,-255,-255,-60,10.2487,50.0000,50.0000,2.5743
2,3,1,2021-08-01 21:48:25.992000,-73,-61,-65,-66,6.9823,2.7797,3.7786,4.0801
2,3,1,2021-08-01 21:48:25.992000,-90,-70,-62,-65,25.7434,5.5463,3.0015,3.7786
2,3,1,2021-08-01 21:48:25.992000,-72,-69,-58,-72,6.4665,5.1365,2.2080,6.4665
2,3,1,2021-08-01 21:48:25.992000,-90,-80,-64,-73,25.7434,11.9490,3.4995,6.9823
2,3,1,2021-08-01 21:48:25.992000,-73,-60,-57,-73,6.9823,2.5743,2.0449,6.9823
2,3,1,2021-08-01 21:48:25.992000,-88,-78,-64,-90,22.0800,10.2487,3.4995,25.7434
2,3,1,2021-08-01 21:48:25.992000,-72,-70,-255,-255,6.4665,5.5463,50.0000,50.0000
2,3,1,2021-08-01 21:48:25.992000,-88,-73,-63,-60,22.0800,6.9823,3.2409,2.5743
2,3,1,2021-08-01 21:48:25.992000,-88,-72,-67,-57,22.0800,6.4665,4.4055,2.0449
2,3,1,2021-08-01 21:48:25.992000,-76,-71,-63,-58,8.7902,5.9887,3.2409,2.2080
2,3,1,2021-08-01 21:48:25.992000,-88,-73,-67,-60,22.0800,6.9823,4.4055,2.5743
2,3,1,2021-08-01 21:48:25.992000,-255,-73,-255,-61,50.0000,6.9823,50.0000,2.7797
2,3,1,2021-08-01 21:48:25.992000,-255,-72,-255,-255,50.0000,6.4665,50.0000,50.0000
1,3,1,2021-08-01 21:49:25.992000,-255,-255,-63,-255,50.0000,50.0000,3.2409,50.0000
1,3,1,2021-08-01 21:49:25.992000,-255,-255,-70,-255,50.0000,50.0000,5.5463,50.0000
1,3,1,2021-08-01 21:49:25.992000,-255,-255,-69,-255,50.0000,50.0000,5.1365,50.0000
1,3,1,2021-08-01 21:49:25.992000,-255,-255,-68,-255,50.0000,50.0000,4.7570,50.0000
1,3,1,2021-08-01 21:49:25.992000,-255,-255,-67,-255,50.0000,50.0000,4.4055,50.0000
1,3,1,2021-08-01 21:49:25.992000,-255,-255,-66,-255,50.0000,50.0000,4.0801,50.0000
1,3,1,2021-08-01 21:49:25.992000,-255,-255,-63,-255,50.0000,50.0000,3.2409,50.0000
1,3,1,2021-08-01 21:49:25.992000,-255,-255,-88,-255,50.0000,50.0000,22.0800,50.0000
3,3,1,2021-08-01 21:50:25.992000,-255,-86,-255,-255,50.0000,18.9380,50.0000,50.0000
3,3,1,2021-08-01 21:50:25.992000,-255,-88,-255,-255,50.0000,22.0800,50.0000,50.0000
3,3,1,2021-08-01 21:50:25.992000,-255,-61,-255,-255,50.0000,2.7797,50.0000,50.0000
3,3,1,2021-08-01 21:50:25.992000,-255,-69,-255,-255,50.0000,5.1365,50.0000,50.0000
3,3,1,2021-08-01 21:50:25.992000,-255,-68,-255,-255,50.0000,4.7570,50.0000,50.0000
3,3,1,2021-08-01 21:50:25.992000,-255,-68,-255,-255,50.0000,4.7570,50.0000,50.0000
3,3,1,2021-08-01 21:50:25.992000,-255,-63,-255,-255,50.0000,3.2409,50.0000,50.0000
3,3,1,2021-08-01 21:51:25.992000,-80,-255,-255,-66,11.9490,50.0000,50.0000,4.0801
3,3,1,2021-08-01 21:51:25.992000,-89,-255,-255,-65,23.8415,50.0000,50.0000,3.7786
3,3,1,2021-08-01 21:51:25.992000,-74,-255,-255,-66,7.5393,50.0000,50.0000,4.0801
3,3,1,2021-08-01 21:51:25.992000,-75,-255,-255,-65,8.1408,50.0000,50.0000,3.7786
3,3,1,2021-08-01 21:51:25.992000,-81,-255,-255,-66,12.9023,50.0000,50.0000,4.0801
3,3,1,2021-08-01 21:51:25.992000,-74,-255,-255,-255,7.5393,50.0000,50.0000,50.0000
3,3,1,2021-08-01 21:51:25.992000,-77,-255,-255,-66,9.4915,50.0000,50.0000,4.0801
3,3,1,2021-08-01 21:51:25.992000,-70,-255,-255,-66,5.5463,50.0000,50.0000,4.0801
3,3,1,2021-08-01 21:51:25.992000,-80,-255,-255,-66,11.9490,50.0000,50.0000,4.0801
3,3,1,2021-08-01 21:51:25.992000,-82,-255,-255,-66,13.9316,50.0000,50.0000,4.0801
3,3,1,2021-08-01 21:51:25.992000,-78,-255,-255,-255,10.2487,50.0000,50.0000,50.0000
3,3,1,2021-08-01 21:51:25.992000,-79,-255,-255,-255,11.0662,50.0000,50.0000,50.0000
4,3,1,2021-08-01 21:52:25.992000,-76,-63,-60,-61,8.7902,3.2409,2.5743,2.7797
4,3,1,2021-08-01 21:52:25.992000,-77,-69,-60,-61,9.4915,5.1365,2.5743,2.7797
4,3,1,2021-08-01 21:52:25.992000,-70,-66,-66,-61,5.5463,4.0801,4.0801,2.7797
4,3,1,2021-08-01 21:52:25.992000,-81,-63,-61,-60,12.9023,3.2409,2.7797,2.5743
4,3,1,2021-08-01 21:52:25.992000,-77,-70,-66,-67,9.4915,5.5463,4.0801,4.4055
4,3,1,2021-08-01 21:52:25.992000,-80,-67,-255,-255,11.9490,4.4055,50.0000,50.0000
4,3,1,2021-08-01 21:52:25.992000,-75,-68,-53,-60,8.1408,4.7570,1.5043,2.5743
4,3,1,2021-08-01 21:52:25.992000,-74,-255,-57,-72,7.5393,50.0000,2.0449,6.4665
4,3,1,2021-08-01 21:52:25.992000,-76,-255,-81,-73,8.7902,50.0000,12.9023,6.9823
4,3,1,2021-08-01 21:52:25.992000,-255,-255,-53,-72,50.0000,50.0000,1.5043,6.4665
4,3,1,2021-08-01 21:52:25.992000,-255,-255,-55,-65,50.0000,50.0000,1.7539,3.7786
3,3,1,2021-08-01 21:53:25.992000,-79,-67,-54,-60,11.0662,4.4055,1.6243,2.5743
3,3,1,2021-08-01 21:53:25.992000,-255,-82,-57,-84,50.0000,13.9316,2.0449,16.2430
3,3,1,2021-08-01 21:53:25.992000,-255,-63,-54,-74,50.0000,3.2409,1.6243,7.5393
3,3,1,2021-08-01 21:53:25.992000,-255,-82,-255,-255,50.0000,13.9316,50.0000,50.0000
3,3,1,2021-08-01 21:53:25.992000,-255,-67,-255,-255,50.0000,4.4055,50.0000,50.0000
3,3,1,2021-08-01 21:53:25.992000,-255,-62,-255,-255,50.0000,3.0015,50.0000,50.0000
3,3,1,2021-08-01 21:53:25.992000,-255,-70,-65,-66,50.0000,5.5463,3.7786,4.0801
3,3,1,2021-08-01 21:53:25.992000,-255,-63,-72,-64,50.0000,3.2409,6.4665,3.4995
3,3,1,2021-08-01 21:53:25.992000,-255,-70,-66,-62,50.0000,5.5463,4.0801,3.0015
3,3,1,2021-08-01 21:53:25.992000,-255,-67,-72,-62,50.0000,4.4055,6.4665,3.0015
3,3,1,2021-08-01 21:53:25.992000,-255,-70,-61,-62,50.0000,5.5463,2.7797,3.0015
3,3,1,2021-08-01 21:53:25.992000,-255,-63,-255,-66,50.0000,3.2409,50.0000,4.0801
4,3,1,2021-08-01 21:54:25.992000,-80,-255,-66,-64,11.9490,50.0000,4.0801,3.4995
4,3,1,2021-08-01 21:54:25.992000,-71,-255,-60,-63,5.9887,50.0000,2.5743,3.2409
4,3,1,2021-08-01 21:54:25.992000,-78,-255,-71,-63,10.2487,50.0000,5.9887,3.2409
4,3,1,2021-08-01 21:54:25.992000,-80,-255,-72,-63,11.9490,50.0000,6.4665,3.2409
4,3,1,2021-08-01 21:54:25.992000,-255,-255,-61,-63,50.0000,50.0000,2.7797,3.2409
4,3,1,2021-08-01 21:54:25.992000,-255,-255,-61,-64,50.0000,50.0000,2.7797,3.4995
4,3,1,2021-08-01 21:54:25.992000,-255,-255,-60,-63,50.0000,50.0000,2.5743,3.2409
4,3,1,2021-08-01 21:54:25.992000,-75,-255,-56,-59,8.1408,50.0000,1.8938,2.3841
4,3,1,2021-08-01 21:54:25.992000,-75,-255,-54,-73,8.1408,50.0000,1.6243,6.9823
4,3,1,2021-08-01 21:54:25.992000,-255,-255,-54,-59,50.0000,50.0000,1.6243,2.3841
4,3,1,2021-08-01 21:54:25.992000,-255,-255,-84,-73,50.0000,50.0000,16.2430,6.9823
4,3,1,2021-08-01 21:54:25.992000,-255,-255,-78,-72,50.0000,50.0000,10.2487,6.4665
4,3,1,2021-08-01 21:55:25.992000,-255,-255,-62,-60,50.0000,50.0000,3.0015,2.5743
4,3,1,2021-08-01 21:55:25.992000,-255,-255,-60,-66,50.0000,50.0000,2.5743,4.0801
4,3,1,2021-08-01 21:55:25.992000,-255,-255,-66,-66,50.0000,50.0000,4.0801,4.0801
4,3,1,2021-08-01 21:55:25.992000,-255,-255,-65,-255,50.0000,50.0000,3.7786,50.0000
4,3,1,2021-08-01 21:55:25.992000,-255,-255,-54,-65,50.0000,50.0000,1.6243,3.7786
4,3,1,2021-08-01 21:55:25.992000,-255,-255,-55,-66,50.0000,50.0000,1.7539,4.0801
4,3,1,2021-08-01 21:55:25.992000,-255,-255,-53,-59,50.0000,50.0000,1.5043,2.3841
4,3,1,2021-08-01 21:55:25.992000,-255,-255,-57,-60,50.0000,50.0000,2.0449,2.5743
3,4,1,2021-08-01 21:56:25.992000,-73,-57,-255,-255,6.9823,2.0449,50.0000,50.0000
3,4,1,2021-08-01 21:56:25.992000,-67,-56,-255,-255,4.4055,1.8938,50.0000,50.0000
3,4,1,2021-08-01 21:56:25.992000,-71,-57,-255,-255,5.9887,2.0449,50.0000,50.0000
3,4,1,2021-08-01 21:56:25.992000,-67,-57,-255,-255,4.4055,2.0449,50.0000,50.0000
3,4,1,2021-08-01 21:56:25.992000,-72,-255,-255,-255,6.4665,50.0000,50.0000,50.0000
3,4,1,2021-08-01 21:56:25.992000,-68,-255,-255,-255,4.7570,50.0000,50.0000,50.0000
3,4,1,2021-08-01 21:56:25.992000,-74,-60,-255,-255,7.5393,2.5743,50.0000,50.0000
3,4,1,2021-08-01 21:56:25.992000,-80,-55,-255,-255,11.9490,1.7539,50.0000,50.0000
3,4,1,2021-08-01 21:56:25.992000,-79,-59,-255,-255,11.0662,2.3841,50.0000,50.0000
3,4,1,2021-08-01 21:56:25.992000,-77,-56,-255,-255,9.4915,1.8938,50.0000,50.0000
3,4,1,2021-08-01 21:56:25.992000,-77,-63,-255,-255,9.4915,3.2409,50.0000,50.0000
3,4,1,2021-08-01 21:56:25.992000,-75,-255,-255,-255,8.1408,50.0000,50.0000,50.0000
3,4,1,2021-08-01 21:57:25.992000,-73,-57,-255,-77,6.9823,2.0449,50.0000,9.4915
3,4,1,2021-08-01 21:57:25.992000,-88,-56,-255,-79,22.0800,1.8938,50.0000,11.0662
3,4,1,2021-08-01 21:57:25.992000,-73,-62,-255,-80,6.9823,3.0015,50.0000,11.9490
3,4,1,2021-08-01 21:57:25.992000,-68,-58,-255,-76,4.7570,2.2080,50.0000,8.7902
3,4,1,2021-08-01 21:57:25.992000,-91,-56,-255,-78,27.7971,1.8938,50.0000,10.2487
3,4,1,2021-08-01 21:57:25.992000,-67,-84,-255,-255,4.4055,16.2430,50.0000,50.0000
3,4,1,2021-08-01 21:57:25.992000,-77,-63,-255,-76,9.4915,3.2409,50.0000,8.7902
3,4,1,2021-08-01 21:57:25.992000,-81,-55,-255,-74,12.9023,1.7539,50.0000,7.5393
3,4,1,2021-08-01 21:57:25.992000,-77,-64,-255,-77,9.4915,3.4995,50.0000,9.4915
3,4,1,2021-08-01 21:57:25.992000,-255,-55,-255,-77,50.0000,1.7539,50.0000,9.4915
3,4,1,2021-08-01 21:57:25.992000,-255,-64,-255,-74,50.0000,3.4995,50.0000,7.5393
3,4,1,2021-08-01 21:57:25.992000,-255,-64,-255,-255,50.0000,3.4995,50.0000,50.0000
3,4,1,2021-08-01 21:58:25.992000,-71,-58,-67,-77,5.9887,2.2080,4.4055,9.4915
3,4,1,2021-08-01 21:58:25.992000,-82,-56,-66,-79,13.9316,1.8938,4.0801,11.0662
3,4,1,2021-08-01 21:58:25.992000,-72,-58,-67,-78,6.4665,2.2080,4.4055,10.2487
3,4,1,2021-08-01 21:58:25.992000,-85,-255,-71,-79,17.5388,50.0000,5.9887,11.0662
3,4,1,2021-08-01 21:58:25.992000,-255,-255,-255,-79,50.0000,50.0000,50.0000,11.0662
3,4,1,2021-08-01 21:58:25.992000,-77,-63,-71,-73,9.4915,3.2409,5.9887,6.9823
3,4,1,2021-08-01 21:58:25.992000,-75,-55,-69,-73,8.1408,1.7539,5.1365,6.9823
3,4,1,2021-08-01 21:58:25.992000,-76,-55,-70,-75,8.7902,1.7539,5.5463,8.1408
3,4,1,2021-08-01 21:58:25.992000,-75,-64,-65,-76,8.1408,3.4995,3.7786,8.7902
3,4,1,2021-08-01 21:58:25.992000,-255,-71,-255,-255,50.0000,5.9887,50.0000,50.0000
3,4,1,2021-08-01 21:59:25.992000,-68,-62,-67,-80,4.7570,3.0015,4.4055,11.9490
3,4,1,2021-08-01 21:59:25.992000,-72,-58,-80,-77,6.4665,2.2080,11.9490,9.4915
3,4,1,2021-08-01 21:59:25.992000,-67,-62,-72,-79,4.4055,3.0015,6.4665,11.0662
3,4,1,2021-08-01 21:59:25.992000,-255,-255,-66,-255,50.0000,50.0000,4.0801,50.0000
3,4,1,2021-08-01 21:59:25.992000,-77,-69,-73,-76,9.4915,5.1365,6.9823,8.7902
3,4,1,2021-08-01 21:59:25.992000,-76,-63,-66,-76,8.7902,3.2409,4.0801,8.7902
3,4,1,2021-08-01 21:59:25.992000,-77,-57,-255,-76,9.4915,2.0449,50.0000,8.7902
3,4,1,2021-08-01 21:59:25.992000,-77,-61,-255,-255,9.4915,2.7797,50.0000,50.0000
3,4,1,2021-08-01 21:59:25.992000,-76,-60,-255,-255,8.7902,2.5743,50.0000,50.0000
3,4,1,2021-08-01 21:59:25.992000,-75,-63,-255,-255,8.1408,3.2409,50.0000,50.0000
3,4,1,2021-08-01 21:59:25.992000,-75,-54,-255,-255,8.1408,1.6243,50.0000,50.0000
3,4,1,2021-08-01 21:59:25.992000,-255,-62,-255,-255,50.0000,3.0015,50.0000,50.0000
3,4,1,2021-08-01 22:00:25.992000,-67,-56,-67,-77,4.4055,1.8938,4.4055,9.4915
3,4,1,2021-08-01 22:00:25.992000,-72,-58,-80,-79,6.4665,2.2080,11.9490,11.0662
3,4,1,2021-08-01 22:00:25.992000,-68,-55,-66,-78,4.7570,1.7539,4.0801,10.2487
3,4,1,2021-08-01 22:00:25.992000,-72,-57,-66,-79,6.4665,2.0449,4.0801,11.0662
3,4,1,2021-08-01 22:00:25.992000,-255,-57,-71,-79,50.0000,2.0449,5.9887,11.0662
3,4,1,2021-08-01 22:00:25.992000,-255,-255,-255,-79,50.0000,50.0000,50.0000,11.0662
3,4,1,2021-08-01 22:00:25.992000,-78,-62,-65,-74,10.2487,3.0015,3.7786,7.5393
3,4,1,2021-08-01 22:00:25.992000,-76,-61,-88,-74,8.7902,2.7797,22.0800,7.5393
3,4,1,2021-08-01 22:00:25.992000,-77,-62,-65,-73,9.4915,3.0015,3.7786,6.9823
3,4,1,2021-08-01 22:00:25.992000,-78,-55,-255,-77,10.2487,1.7539,50.0000,9.4915
3,4,1,2021-08-01 22:00:25.992000,-255,-62,-255,-77,50.0000,3.0015,50.0000,9.4915
3,4,1,2021-08-01 22:00:25.992000,-255,-55,-255,-76,50.0000,1.7539,50.0000,8.7902
3,4,1,2021-08-01 22:00:25.992000,-255,-62,-255,-255,50.0000,3.0015,50.0000,50.0000
3,4,1,2021-08-01 22:01:25.992000,-255,-255,-68,-79,50.0000,50.0000,4.7570,11.0662
3,4,1,2021-08-01 22:01:25.992000,-255,-255,-66,-78,50.0000,50.0000,4.0801,10.2487
3,4,1,2021-08-01 22:01:25.992000,-255,-255,-66,-77,50.0000,50.0000,4.0801,9.4915
3,4,1,2021-08-01 22:01:25.992000,-255,-255,-72,-76,50.0000,50.0000,6.4665,8.7902
3,4,1,2021-08-01 22:01:25.992000,-255,-255,-65,-76,50.0000,50.0000,3.7786,8.7902
3,4,1,2021-08-01 22:01:25.992000,-255,-255,-81,-75,50.0000,50.0000,12.9023,8.1408
3,4,1,2021-08-01 22:01:25.992000,-255,-255,-72,-77,50.0000,50.0000,6.4665,9.4915
3,4,1,2021-08-01 22:01:25.992000,-255,-255,-88,-76,50.0000,50.0000,22.0800,8.7902
3,4,1,2021-08-01 22:01:25.992000,-255,-255,-70,-77,50.0000,50.0000,5.5463,9.4915
3,4,1,2021-08-01 22:01:25.992000,-255,-255,-67,-77,50.0000,50.0000,4.4055,9.4915
3,4,1,2021-08-01 22:01:25.992000,-255,-255,-84,-255,50.0000,50.0000,16.2430,50.0000
2,4,1,2021-08-01 22:02:25.992000,-74,-75,-255,-255,7.5393,8.1408,50.0000,50.0000
2,4,1,2021-08-01 22:02:25.992000,-64,-69,-255,-255,3.4995,5.1365,50.0000,50.0000
2,4,1,2021-08-01 22:02:25.992000,-75,-74,-255,-255,8.1408,7.5393,50.0000,50.0000
2,4,1,2021-08-01 22:02:25.992000,-64,-69,-255,-255,3.4995,5.1365,50.0000,50.0000
2,4,1,2021-08-01 22:02:25.992000,-60,-89,-255,-255,2.5743,23.8415,50.0000,50.0000
2,4,1,2021-08-01 22:02:25.992000,-76,-68,-255,-255,8.7902,4.7570,50.0000,50.0000
2,4,1,2021-08-01 22:02:25.992000,-78,-68,-255,-255,10.2487,4.7570,50.0000,50.0000
2,4,1,2021-08-01 22:02:25.992000,-76,-68,-255,-255,8.7902,4.7570,50.0000,50.0000
2,4,1,2021-08-01 22:02:25.992000,-68,-66,-255,-255,4.7570,4.0801,50.0000,50.0000
2,4,1,2021-08-01 22:02:25.992000,-78,-255,-255,-255,10.2487,50.0000,50.0000,50.0000
2,4,1,2021-08-01 22:02:25.992000,-67,-255,-255,-255,4.4055,50.0000,50.0000,50.0000
1,4,1,2021-08-01 22:03:25.992000,-77,-68,-92,-83,9.4915,4.7570,30.0147,15.0430
1,4,1,2021-08-01 22:03:25.992000,-80,-66,-89,-81,11.9490,4.0801,23.8415,12.9023
1,4,1,2021-08-01 22:03:25.992000,-68,-69,-94,-81,4.7570,5.1365,34.9945,12.9023
1,4,1,2021-08-01 22:03:25.992000,-77,-68,-255,-82,9.4915,4.7570,50.0000,13.9316
1,4,1,2021-08-01 22:03:25.992000,-77,-67,-255,-78,9.4915,4.4055,50.0000,10.2487
1,4,1,2021-08-01 22:03:25.992000,-68,-67,-255,-82,4.7570,4.4055,50.0000,13.9316
1,4,1,2021-08-01 22:03:25.992000,-78,-68,-255,-255,10.2487,4.7570,50.0000,50.0000
1,4,1,2021-08-01 22:03:25.992000,-64,-74,-80,-71,3.4995,7.5393,11.9490,5.9887
1,4,1,2021-08-01 22:03:25.992000,-59,-70,-88,-71,2.3841,5.5463,22.0800,5.9887
1,4,1,2021-08-01 22:03:25.992000,-75,-75,-85,-71,8.1408,8.1408,17.5388,5.9887
1,4,1,2021-08-01 22:03:25.992000,-60,-71,-255,-255,2.5743,5.9887,50.0000,50.0000
1,4,1,2021-08-01 22:03:25.992000,-75,-255,-255,-255,8.1408,50.0000,50.0000,50.0000
1,4,1,2021-08-01 22:04:25.992000,-77,-68,-86,-78,9.4915,4.7570,18.9380,10.2487
1,4,1,2021-08-01 22:04:25.992000,-68,-67,-88,-77,4.7570,4.4055,22.0800,9.4915
1,4,1,2021-08-01 22:04:25.992000,-77,-69,-85,-84,9.4915,5.1365,17.5388,16.2430
1,4,1,2021-08-01 22:04:25.992000,-77,-66,-255,-82,9.4915,4.0801,50.0000,13.9316
1,4,1,2021-08-01 22:04:25.992000,-67,-68,-255,-81,4.4055,4.7570,50.0000,12.9023
1,4,1,2021-08-01 22:04:25.992000,-77,-67,-255,-255,9.4915,4.4055,50.0000,50.0000
1,4,1,2021-08-01 22:04:25.992000,-84,-75,-80,-71,16.2430,8.1408,11.9490,5.9887
1,4,1,2021-08-01 22:04:25.992000,-75,-72,-90,-72,8.1408,6.4665,25.7434,6.4665
1,4,1,2021-08-01 22:04:25.992000,-59,-72,-90,-75,2.3841,6.4665,25.7434,8.1408
1,4,1,2021-08-01 22:04:25.992000,-74,-255,-80,-75,7.5393,50.0000,11.9490,8.1408
1,4,1,2021-08-01 22:04:25.992000,-61,-255,-255,-71,2.7797,50.0000,50.0000,5.9887
2,4,1,2021-08-01 22:05:25.992000,-255,-69,-81,-78,50.0000,5.1365,12.9023,10.2487
2,4,1,2021-08-01 22:05:25.992000,-255,-74,-89,-78,50.0000,7.5393,23.8415,10.2487
2,4,1,2021-08-01 22:05:25.992000,-255,-83,-80,-71,50.0000,15.0430,11.9490,5.9887
2,4,1,2021-08-01 22:05:25.992000,-255,-75,-255,-71,50.0000,8.1408,50.0000,5.9887
2,4,1,2021-08-01 22:05:25.992000,-255,-66,-91,-85,50.0000,4.0801,27.7971,17.5388
2,4,1,2021-08-01 22:05:25.992000,-255,-69,-85,-82,50.0000,5.1365,17.5388,13.9316
2,4,1,2021-08-01 22:05:25.992000,-255,-69,-255,-81,50.0000,5.1365,50.0000,12.9023
2,4,1,2021-08-01 22:05:25.992000,-255,-70,-255,-77,50.0000,5.5463,50.0000,9.4915
2,4,1,2021-08-01 22:05:25.992000,-255,-69,-255,-77,50.0000,5.1365,50.0000,9.4915
2,4,1,2021-08-01 22:05:25.992000,-255,-69,-255,-77,50.0000,5.1365,50.0000,9.4915
2,4,1,2021-08-01 22:06:25.992000,-61,-71,-87,-79,2.7797,5.9887,20.4487,11.0662
2,4,1,2021-08-01 22:06:25.992000,-76,-77,-82,-79,8.7902,9.4915,13.9316,11.0662
2,4,1,2021-08-01 22:06:25.992000,-60,-74,-87,-74,2.5743,7.5393,20.4487,7.5393
2,4,1,2021-08-01 22:06:25.992000,-75,-78,-82,-255,8.1408,10.2487,13.9316,50.0000
2,4,1,2021-08-01 22:06:25.992000,-61,-74,-255,-255,2.7797,7.5393,50.0000,50.0000
2,4,1,2021-08-01 22:06:25.992000,-86,-255,-255,-255,18.9380,50.0000,50.0000,50.0000
2,4,1,2021-08-01 22:06:25.992000,-76,-255,-255,-255,8.7902,50.0000,50.0000,50.0000
2,4,1,2021-08-01 22:06:25.992000,-77,-67,-85,-82,9.4915,4.4055,17.5388,13.9316
2,4,1,2021-08-01 22:06:25.992000,-68,-68,-84,-82,4.7570,4.7570,16.2430,13.9316
2,4,1,2021-08-01 22:06:25.992000,-77,-68,-93,-82,9.4915,4.7570,32.4091,13.9316
2,4,1,2021-08-01 22:06:25.992000,-77,-68,-255,-81,9.4915,4.7570,50.0000,12.9023
2,4,1,2021-08-01 22:06:25.992000,-68,-67,-255,-77,4.7570,4.4055,50.0000,9.4915
2,4,1,2021-08-01 22:06:25.992000,-255,-70,-255,-255,50.0000,5.5463,50.0000,50.0000
2,4,1,2021-08-01 22:06:25.992000,-255,-67,-255,-255,50.0000,4.4055,50.0000,50.0000
1,4,1,2021-08-01 22:07:25.992000,-77,-255,-83,-255,9.4915,50.0000,15.0430,50.0000
1,4,1,2021-08-01 22:07:25.992000,-78,-255,-83,-255,10.2487,50.0000,15.0430,50.0000
1,4,1,2021-08-01 22:07:25.992000,-77,-255,-91,-255,9.4915,50.0000,27.7971,50.0000
1,4,1,2021-08-01 22:07:25.992000,-69,-255,-255,-255,5.1365,50.0000,50.0000,50.0000
1,4,1,2021-08-01 22:07:25.992000,-77,-255,-255,-255,9.4915,50.0000,50.0000,50.0000
1,4,1,2021-08-01 22:07:25.992000,-78,-255,-255,-255,10.2487,50.0000,50.0000,50.0000
1,4,1,2021-08-01 22:07:25.992000,-68,-255,-255,-255,4.7570,50.0000,50.0000,50.0000
1,4,1,2021-08-01 22:07:25.992000,-78,-255,-255,-255,10.2487,50.0000,50.0000,50.0000
1,4,1,2021-08-01 22:07:25.992000,-75,-255,-81,-255,8.1408,50.0000,12.9023,50.0000
1,4,1,2021-08-01 22:07:25.992000,-86,-255,-82,-255,18.9380,50.0000,13.9316,50.0000
1,4,1,2021-08-01 22:07:25.992000,-75,-255,-255,-255,8.1408,50.0000,50.0000,50.0000
1,4,1,2021-08-01 22:07:25.992000,-63,-255,-255,-255,3.2409,50.0000,50.0000,50.0000
1,4,1,2021-08-01 22:07:25.992000,-59,-255,-255,-255,2.3841,50.0000,50.0000,50.0000
1,4,1,2021-08-01 22:07:25.992000,-74,-255,-255,-255,7.5393,50.0000,50.0000,50.0000
1,4,1,2021-08-01 22:07:25.992000,-62,-255,-255,-255,3.0015,50.0000,50.0000,50.0000
3,5,1,2021-08-01 22:09:25.992000,-68,-69,-59,-79,4.7570,5.1365,2.3841,11.0662
3,5,1,2021-08-01 22:09:25.992000,-79,-60,-62,-79,11.0662,2.5743,3.0015,11.0662
3,5,1,2021-08-01 22:09:25.992000,-70,-69,-59,-79,5.5463,5.1365,2.3841,11.0662
3,5,1,2021-08-01 22:09:25.992000,-67,-60,-61,-79,4.4055,2.5743,2.7797,11.0662
3,5,1,2021-08-01 22:09:25.992000,-68,-67,-58,-255,4.7570,4.4055,2.2080,50.0000
3,5,1,2021-08-01 22:09:25.992000,-255,-67,-62,-255,50.0000,4.4055,3.0015,50.0000
3,5,1,2021-08-01 22:09:25.992000,-255,-255,-60,-255,50.0000,50.0000,2.5743,50.0000
3,5,1,2021-08-01 22:09:25.992000,-67,-62,-73,-82,4.4055,3.0015,6.9823,13.9316
3,5,1,2021-08-01 22:09:25.992000,-76,-62,-255,-82,8.7902,3.0015,50.0000,13.9316
3,5,1,2021-08-01 22:09:25.992000,-76,-255,-255,-85,8.7902,50.0000,50.0000,17.5388
3,5,1,2021-08-01 22:09:25.992000,-69,-255,-255,-79,5.1365,50.0000,50.0000,11.0662
3,5,1,2021-08-01 22:09:25.992000,-71,-255,-255,-74,5.9887,50.0000,50.0000,7.5393
3,5,1,2021-08-01 22:09:25.992000,-255,-255,-255,-74,50.0000,50.0000,50.0000,7.5393
3,5,1,2021-08-01 22:10:25.992000,-76,-64,-59,-78,8.7902,3.4995,2.3841,10.2487
3,5,1,2021-08-01 22:10:25.992000,-71,-71,-60,-78,5.9887,5.9887,2.5743,10.2487
3,5,1,2021-08-01 22:10:25.992000,-75,-71,-58,-79,8.1408,5.9887,2.2080,11.0662
3,5,1,2021-08-01 22:10:25.992000,-71,-66,-255,-80,5.9887,4.0801,50.0000,11.9490
3,5,1,2021-08-01 22:10:25.992000,-255,-60,-255,-81,50.0000,2.5743,50.0000,12.9023
3,5,1,2021-08-01 22:10:25.992000,-75,-80,-79,-76,8.1408,11.9490,11.0662,8.7902
3,5,1,2021-08-01 22:10:25.992000,-65,-71,-72,-77,3.7786,5.9887,6.4665,9.4915
3,5,1,2021-08-01 22:10:25.992000,-85,-63,-73,-77,17.5388,3.2409,6.9823,9.4915
3,5,1,2021-08-01 22:10:25.992000,-255,-63,-74,-255,50.0000,3.2409,7.5393,50.0000
3,5,1,2021-08-01 22:10:25.992000,-255,-73,-255,-255,50.0000,6.9823,50.0000,50.0000
3,5,1,2021-08-01 22:10:25.992000,-255,-56,-255,-255,50.0000,1.8938,50.0000,50.0000
3,5,1,2021-08-01 22:11:25.992000,-69,-255,-61,-82,5.1365,50.0000,2.7797,13.9316
3,5,1,2021-08-01 22:11:25.992000,-71,-255,-58,-78,5.9887,50.0000,2.2080,10.2487
3,5,1,2021-08-01 22:11:25.992000,-69,-255,-58,-78,5.1365,50.0000,2.2080,10.2487
3,5,1,2021-08-01 22:11:25.992000,-72,-255,-58,-80,6.4665,50.0000,2.2080,11.9490
3,5,1,2021-08-01 22:11:25.992000,-74,-255,-58,-81,7.5393,50.0000,2.2080,12.9023
3,5,1,2021-08-01 22:11:25.992000,-70,-255,-255,-255,5.5463,50.0000,50.0000,50.0000
3,5,1,2021-08-01 22:11:25.992000,-76,-255,-69,-78,8.7902,50.0000,5.1365,10.2487
3,5,1,2021-08-01 22:11:25.992000,-84,-255,-69,-76,16.2430,50.0000,5.1365,8.7902
3,5,1,2021-08-01 22:11:25.992000,-255,-255,-76,-255,50.0000,50.0000,8.7902,50.0000
3,5,1,2021-08-01 22:11:25.992000,-255,-255,-72,-255,50.0000,50.0000,6.4665,50.0000
3,5,1,2021-08-01 22:11:25.992000,-255,-255,-74,-255,50.0000,50.0000,7.5393,50.0000
3,5,1,2021-08-01 22:11:25.992000,-255,-255,-75,-255,50.0000,50.0000,8.1408,50.0000
4,5,1,2021-08-01 22:12:25.992000,-69,-61,-75,-87,5.1365,2.7797,8.1408,20.4487
4,5,1,2021-08-01 22:12:25.992000,-68,-73,-72,-77,4.7570,6.9823,6.4665,9.4915
4,5,1,2021-08-01 22:12:25.992000,-72,-71,-74,-79,6.4665,5.9887,7.5393,11.0662
4,5,1,2021-08-01 22:12:25.992000,-66,-55,-73,-78,4.0801,1.7539,6.9823,10.2487
4,5,1,2021-08-01 22:12:25.992000,-94,-255,-75,-78,34.9945,50.0000,8.1408,10.2487
4,5,1,2021-08-01 22:12:25.992000,-68,-255,-255,-255,4.7570,50.0000,50.0000,50.0000
4,5,1,2021-08-01 22:12:25.992000,-69,-70,-61,-77,5.1365,5.5463,2.7797,9.4915
4,5,1,2021-08-01 22:12:25.992000,-77,-69,-58,-79,9.4915,5.1365,2.2080,11.0662
4,5,1,2021-08-01 22:12:25.992000,-73,-60,-61,-77,6.9823,2.5743,2.7797,9.4915
4,5,1,2021-08-01 22:12:25.992000,-69,-62,-61,-77,5.1365,3.0015,2.7797,9.4915
4,5,1,2021-08-01 22:12:25.992000,-69,-255,-255,-81,5.1365,50.0000,50.0000,12.9023
4,5,1,2021-08-01 22:12:25.992000,-73,-255,-255,-80,6.9823,50.0000,50.0000,11.9490
4,5,1,2021-08-01 22:12:25.992000,-75,-255,-255,-255,8.1408,50.0000,50.0000,50.0000
4,5,1,2021-08-01 22:12:25.992000,-73,-255,-255,-255,6.9823,50.0000,50.0000,50.0000
4,5,1,2021-08-01 22:13:25.992000,-67,-54,-86,-80,4.4055,1.6243,18.9380,11.9490
4,5,1,2021-08-01 22:13:25.992000,-87,-61,-73,-79,20.4487,2.7797,6.9823,11.0662
4,5,1,2021-08-01 22:13:25.992000,-68,-71,-93,-86,4.7570,5.9887,32.4091,18.9380
4,5,1,2021-08-01 22:13:25.992000,-71,-86,-74,-83,5.9887,18.9380,7.5393,15.0430
4,5,1,2021-08-01 22:13:25.992000,-76,-55,-70,-255,8.7902,1.7539,5.5463,50.0000
4,5,1,2021-08-01 22:13:25.992000,-68,-255,-255,-255,4.7570,50.0000,50.0000,50.0000
4,5,1,2021-08-01 22:13:25.992000,-67,-255,-255,-255,4.4055,50.0000,50.0000,50.0000
4,5,1,2021-08-01 22:13:25.992000,-72,-70,-58,-81,6.4665,5.5463,2.2080,12.9023
4,5,1,2021-08-01 22:13:25.992000,-69,-60,-61,-82,5.1365,2.5743,2.7797,13.9316
4,5,1,2021-08-01 22:13:25.992000,-77,-64,-62,-80,9.4915,3.4995,3.0015,11.9490
4,5,1,2021-08-01 22:13:25.992000,-72,-72,-59,-83,6.4665,6.4665,2.3841,15.0430
4,5,1,2021-08-01 22:13:25.992000,-69,-60,-61,-255,5.1365,2.5743,2.7797,50.0000
4,5,1,2021-08-01 22:13:25.992000,-73,-255,-255,-255,6.9823,50.0000,50.0000,50.0000
1,5,1,2021-08-01 22:15:25.992000,-255,-255,-255,-74,50.0000,50.0000,50.0000,7.5393
1,5,1,2021-08-01 22:15:25.992000,-255,-255,-255,-74,50.0000,50.0000,50.0000,7.5393
1,5,1,2021-08-01 22:15:25.992000,-255,-255,-255,-73,50.0000,50.0000,50.0000,6.9823
1,5,1,2021-08-01 22:15:25.992000,-255,-255,-255,-73,50.0000,50.0000,50.0000,6.9823
1,5,1,2021-08-01 22:15:25.992000,-255,-255,-255,-73,50.0000,50.0000,50.0000,6.9823
1,5,1,2021-08-01 22:15:25.992000,-255,-255,-255,-73,50.0000,50.0000,50.0000,6.9823
1,5,1,2021-08-01 22:15:25.992000,-255,-255,-255,-73,50.0000,50.0000,50.0000,6.9823
1,5,1,2021-08-01 22:15:25.992000,-255,-255,-255,-78,50.0000,50.0000,50.0000,10.2487
2,5,1,2021-08-01 22:16:25.992000,-75,-255,-75,-90,8.1408,50.0000,8.1408,25.7434
2,5,1,2021-08-01 22:16:25.992000,-60,-255,-85,-77,2.5743,50.0000,17.5388,9.4915
2,5,1,2021-08-01 22:16:25.992000,-60,-255,-72,-77,2.5743,50.0000,6.4665,9.4915
2,5,1,2021-08-01 22:16:25.992000,-77,-255,-73,-79,9.4915,50.0000,6.9823,11.0662
2,5,1,2021-08-01 22:16:25.992000,-64,-255,-84,-88,3.4995,50.0000,16.2430,22.0800
2,5,1,2021-08-01 22:16:25.992000,-76,-255,-84,-255,8.7902,50.0000,16.2430,50.0000
2,5,1,2021-08-01 22:16:25.992000,-64,-255,-255,-255,3.4995,50.0000,50.0000,50.0000
2,5,1,2021-08-01 22:16:25.992000,-73,-255,-79,-74,6.9823,50.0000,11.0662,7.5393
2,5,1,2021-08-01 22:16:25.992000,-69,-255,-78,-73,5.1365,50.0000,10.2487,6.9823
2,5,1,2021-08-01 22:16:25.992000,-68,-255,-79,-75,4.7570,50.0000,11.0662,8.1408
2,5,1,2021-08-01 22:16:25.992000,-72,-255,-74,-73,6.4665,50.0000,7.5393,6.9823
2,5,1,2021-08-01 22:16:25.992000,-255,-255,-255,-75,50.0000,50.0000,50.0000,8.1408
2,5,1,2021-08-01 22:16:25.992000,-255,-255,-255,-74,50.0000,50.0000,50.0000,7.5393
2,5,1,2021-08-01 22:16:25.992000,-255,-255,-255,-73,50.0000,50.0000,50.0000,6.9823
2,5,1,2021-08-01 22:17:25.992000,-76,-63,-255,-78,8.7902,3.2409,50.0000,10.2487
2,5,1,2021-08-01 22:17:25.992000,-64,-70,-255,-90,3.4995,5.5463,50.0000,25.7434
2,5,1,2021-08-01 22:17:25.992000,-64,-80,-255,-84,3.4995,11.9490,50.0000,16.2430
2,5,1,2021-08-01 22:17:25.992000,-60,-255,-255,-78,2.5743,50.0000,50.0000,10.2487
2,5,1,2021-08-01 22:17:25.992000,-64,-255,-255,-255,3.4995,50.0000,50.0000,50.0000
2,5,1,2021-08-01 22:17:25.992000,-77,-255,-255,-255,9.4915,50.0000,50.0000,50.0000
2,5,1,2021-08-01 22:17:25.992000,-70,-54,-255,-73,5.5463,1.6243,50.0000,6.9823
2,5,1,2021-08-01 22:17:25.992000,-72,-57,-255,-74,6.4665,2.0449,50.0000,7.5393
2,5,1,2021-08-01 22:17:25.992000,-70,-54,-255,-72,5.5463,1.6243,50.0000,6.4665
2,5,1,2021-08-01 22:17:25.992000,-68,-58,-255,-73,4.7570,2.2080,50.0000,6.9823
2,5,1,2021-08-01 22:17:25.992000,-73,-255,-255,-74,6.9823,50.0000,50.0000,7.5393
2,5,1,2021-08-01 22:17:25.992000,-70,-255,-255,-255,5.5463,50.0000,50.0000,50.0000
1,5,1,2021-08-01 22:18:25.992000,-255,-54,-80,-255,50.0000,1.6243,11.9490,50.0000
1,5,1,2021-08-01 22:18:25.992000,-255,-58,-80,-255,50.0000,2.2080,11.9490,50.0000
1,5,1,2021-08-01 22:18:25.992000,-255,-54,-79,-255,50.0000,1.6243,11.0662,50.0000
1,5,1,2021-08-01 22:18:25.992000,-255,-58,-74,-255,50.0000,2.2080,7.5393,50.0000
1,5,1,2021-08-01 22:18:25.992000,-255,-55,-81,-255,50.0000,1.7539,12.9023,50.0000
1,5,1,2021-08-01 22:18:25.992000,-255,-54,-255,-255,50.0000,1.6243,50.0000,50.0000
1,5,1,2021-08-01 22:18:25.992000,-255,-72,-85,-255,50.0000,6.4665,17.5388,50.0000
1,5,1,2021-08-01 22:18:25.992000,-255,-64,-84,-255,50.0000,3.4995,16.2430,50.0000
1,5,1,2021-08-01 22:18:25.992000,-255,-79,-76,-255,50.0000,11.0662,8.7902,50.0000
1,5,1,2021-08-01 22:18:25.992000,-255,-64,-255,-255,50.0000,3.4995,50.0000,50.0000
1,5,1,2021-08-01 22:19:25.992000,-68,-255,-79,-74,4.7570,50.0000,11.0662,7.5393
1,5,1,2021-08-01 22:19:25.992000,-73,-255,-78,-73,6.9823,50.0000,10.2487,6.9823
1,5,1,2021-08-01 22:19:25.992000,-68,-255,-255,-73,4.7570,50.0000,50.0000,6.9823
1,5,1,2021-08-01 22:19:25.992000,-70,-255,-255,-73,5.5463,50.0000,50.0000,6.9823
1,5,1,2021-08-01 22:19:25.992000,-69,-255,-255,-73,5.1365,50.0000,50.0000,6.9823
1,5,1,2021-08-01 22:19:25.992000,-73,-255,-255,-73,6.9823,50.0000,50.0000,6.9823
1,5,1,2021-08-01 22:19:25.992000,-60,-255,-74,-77,2.5743,50.0000,7.5393,9.4915
1,5,1,2021-08-01 22:19:25.992000,-59,-255,-72,-78,2.3841,50.0000,6.4665,10.2487
1,5,1,2021-08-01 22:19:25.992000,-64,-255,-72,-78,3.4995,50.0000,6.4665,10.2487
1,5,1,2021-08-01 22:19:25.992000,-59,-255,-73,-76,2.3841,50.0000,6.9823,8.7902
1,5,1,2021-08-01 22:19:25.992000,-74,-255,-72,-78,7.5393,50.0000,6.4665,10.2487
1,5,1,2021-08-01 22:19:25.992000,-61,-255,-255,-81,2.7797,50.0000,50.0000,12.9023
4,6,1,2021-08-01 22:22:25.992000,-90,-64,-255,-74,25.7434,3.4995,50.0000,7.5393
4,6,1,2021-08-01 22:22:25.992000,-77,-90,-255,-75,9.4915,25.7434,50.0000,8.1408
4,6,1,2021-08-01 22:22:25.992000,-69,-61,-255,-82,5.1365,2.7797,50.0000,13.9316
4,6,1,2021-08-01 22:22:25.992000,-76,-65,-255,-89,8.7902,3.7786,50.0000,23.8415
4,6,1,2021-08-01 22:22:25.992000,-70,-65,-255,-255,5.5463,3.7786,50.0000,50.0000
4,6,1,2021-08-01 22:22:25.992000,-67,-59,-255,-78,4.4055,2.3841,50.0000,10.2487
4,6,1,2021-08-01 22:22:25.992000,-74,-65,-255,-78,7.5393,3.7786,50.0000,10.2487
4,6,1,2021-08-01 22:22:25.992000,-68,-58,-255,-82,4.7570,2.2080,50.0000,13.9316
4,6,1,2021-08-01 22:22:25.992000,-74,-59,-255,-79,7.5393,2.3841,50.0000,11.0662
4,6,1,2021-08-01 22:22:25.992000,-74,-255,-255,-80,7.5393,50.0000,50.0000,11.9490
4,6,1,2021-08-01 22:22:25.992000,-255,-255,-255,-82,50.0000,50.0000,50.0000,13.9316
3,6,1,2021-08-01 22:23:25.992000,-74,-59,-255,-78,7.5393,2.3841,50.0000,10.2487
3,6,1,2021-08-01 22:23:25.992000,-68,-77,-255,-83,4.7570,9.4915,50.0000,15.0430
3,6,1,2021-08-01 22:23:25.992000,-71,-58,-255,-255,5.9887,2.2080,50.0000,50.0000
3,6,1,2021-08-01 22:23:25.992000,-255,-81,-255,-255,50.0000,12.9023,50.0000,50.0000
3,6,1,2021-08-01 22:23:25.992000,-255,-65,-255,-255,50.0000,3.7786,50.0000,50.0000
3,6,1,2021-08-01 22:23:25.992000,-255,-59,-255,-255,50.0000,2.3841,50.0000,50.0000
3,6,1,2021-08-01 22:23:25.992000,-76,-65,-255,-79,8.7902,3.7786,50.0000,11.0662
3,6,1,2021-08-01 22:23:25.992000,-68,-66,-255,-83,4.7570,4.0801,50.0000,15.0430
3,6,1,2021-08-01 22:23:25.992000,-79,-64,-255,-73,11.0662,3.4995,50.0000,6.9823
3,6,1,2021-08-01 22:23:25.992000,-72,-66,-255,-74,6.4665,4.0801,50.0000,7.5393
3,6,1,2021-08-01 22:23:25.992000,-67,-68,-255,-74,4.4055,4.7570,50.0000,7.5393
3,6,1,2021-08-01 22:23:25.992000,-67,-255,-255,-91,4.4055,50.0000,50.0000,27.7971
3,6,1,2021-08-01 22:23:25.992000,-70,-255,-255,-84,5.5463,50.0000,50.0000,16.2430
4,6,1,2021-08-01 22:24:25.992000,-71,-64,-72,-91,5.9887,3.4995,6.4665,27.7971
4,6,1,2021-08-01 22:24:25.992000,-77,-64,-71,-83,9.4915,3.4995,5.9887,15.0430
4,6,1,2021-08-01 22:24:25.992000,-66,-65,-71,-74,4.0801,3.7786,5.9887,7.5393
4,6,1,2021-08-01 22:24:25.992000,-70,-67,-71,-74,5.5463,4.4055,5.9887,7.5393
4,6,1,2021-08-01 22:24:25.992000,-66,-69,-71,-88,4.0801,5.1365,5.9887,22.0800
4,6,1,2021-08-01 22:24:25.992000,-74,-58,-75,-78,7.5393,2.2080,8.1408,10.2487
4,6,1,2021-08-01 22:24:25.992000,-68,-64,-78,-78,4.7570,3.4995,10.2487,10.2487
4,6,1,2021-08-01 22:24:25.992000,-68,-58,-81,-255,4.7570,2.2080,12.9023,50.0000
4,6,1,2021-08-01 22:24:25.992000,-74,-81,-75,-255,7.5393,12.9023,8.1408,50.0000
4,6,1,2021-08-01 22:24:25.992000,-72,-64,-255,-255,6.4665,3.4995,50.0000,50.0000
4,6,1,2021-08-01 22:24:25.992000,-68,-255,-255,-255,4.7570,50.0000,50.0000,50.0000
3,6,1,2021-08-01 22:25:25.992000,-71,-64,-77,-78,5.9887,3.4995,9.4915,10.2487
3,6,1,2021-08-01 22:25:25.992000,-73,-79,-77,-255,6.9823,11.0662,9.4915,50.0000
3,6,1,2021-08-01 22:25:25.992000,-71,-59,-76,-255,5.9887,2.3841,8.7902,50.0000
3,6,1,2021-08-01 22:25:25.992000,-68,-79,-77,-255,4.7570,11.0662,9.4915,50.0000
3,6,1,2021-08-01 22:25:25.992000,-72,-59,-75,-255,6.4665,2.3841,8.1408,50.0000
3,6,1,2021-08-01 22:25:25.992000,-72,-58,-79,-255,6.4665,2.2080,11.0662,50.0000
3,6,1,2021-08-01 22:25:25.992000,-74,-80,-87,-255,7.5393,11.9490,20.4487,50.0000
3,6,1,2021-08-01 22:25:25.992000,-72,-255,-255,-255,6.4665,50.0000,50.0000,50.0000
3,6,1,2021-08-01 22:25:25.992000,-69,-65,-70,-74,5.1365,3.7786,5.5463,7.5393
3,6,1,2021-08-01 22:25:25.992000,-69,-64,-72,-85,5.1365,3.4995,6.4665,17.5388
3,6,1,2021-08-01 22:25:25.992000,-78,-65,-70,-84,10.2487,3.7786,5.5463,16.2430
3,6,1,2021-08-01 22:25:25.992000,-67,-69,-97,-84,4.4055,5.1365,44.0555,16.2430
3,6,1,2021-08-01 22:25:25.992000,-66,-69,-68,-84,4.0801,5.1365,4.7570,16.2430
3,6,1,2021-08-01 22:25:25.992000,-84,-255,-70,-255,16.2430,50.0000,5.5463,50.0000
3,6,1,2021-08-01 22:25:25.992000,-69,-255,-255,-255,5.1365,50.0000,50.0000,50.0000
3,6,1,2021-08-01 22:25:25.992000,-67,-255,-255,-255,4.4055,50.0000,50.0000,50.0000
4,6,1,2021-08-01 22:26:25.992000,-80,-62,-69,-82,11.9490,3.0015,5.1365,13.9316
4,6,1,2021-08-01 22:26:25.992000,-67,-66,-68,-81,4.4055,4.0801,4.7570,12.9023
4,6,1,2021-08-01 22:26:25.992000,-68,-63,-70,-79,4.7570,3.2409,5.5463,11.0662
4,6,1,2021-08-01 22:26:25.992000,-68,-65,-70,-79,4.7570,3.7786,5.5463,11.0662
4,6,1,2021-08-01 22:26:25.992000,-67,-65,-69,-83,4.4055,3.7786,5.1365,15.0430
4,6,1,2021-08-01 22:26:25.992000,-68,-255,-255,-73,4.7570,50.0000,50.0000,6.9823
4,6,1,2021-08-01 22:26:25.992000,-255,-255,-255,-86,50.0000,50.0000,50.0000,18.9380
4,6,1,2021-08-01 22:26:25.992000,-68,-64,-81,-79,4.7570,3.4995,12.9023,11.0662
4,6,1,2021-08-01 22:26:25.992000,-74,-79,-76,-81,7.5393,11.0662,8.7902,12.9023
4,6,1,2021-08-01 22:26:25.992000,-72,-83,-77,-255,6.4665,15.0430,9.4915,50.0000
4,6,1,2021-08-01 22:26:25.992000,-74,-255,-76,-255,7.5393,50.0000,8.7902,50.0000
4,6,1,2021-08-01 22:26:25.992000,-71,-255,-84,-255,5.9887,50.0000,16.2430,50.0000
4,6,1,2021-08-01 22:26:25.992000,-255,-255,-89,-255,50.0000,50.0000,23.8415,50.0000
4,6,1,2021-08-01 22:26:25.992000,-255,-255,-79,-255,50.0000,50.0000,11.0662,50.0000
2,6,1,2021-08-01 22:28:25.992000,-255,-255,-76,-255,50.0000,50.0000,8.7902,50.0000
2,6,1,2021-08-01 22:28:25.992000,-255,-255,-83,-255,50.0000,50.0000,15.0430,50.0000
2,6,1,2021-08-01 22:28:25.992000,-255,-255,-76,-255,50.0000,50.0000,8.7902,50.0000
2,6,1,2021-08-01 22:28:25.992000,-255,-255,-80,-255,50.0000,50.0000,11.9490,50.0000
2,6,1,2021-08-01 22:28:25.992000,-255,-255,-81,-255,50.0000,50.0000,12.9023,50.0000
2,6,1,2021-08-01 22:28:25.992000,-255,-255,-97,-255,50.0000,50.0000,44.0555,50.0000
2,6,1,2021-08-01 22:28:25.992000,-255,-255,-84,-255,50.0000,50.0000,16.2430,50.0000
1,6,1,2021-08-01 22:29:25.992000,-62,-72,-85,-79,3.0015,6.4665,17.5388,11.0662
1,6,1,2021-08-01 22:29:25.992000,-60,-62,-85,-76,2.5743,3.0015,17.5388,8.7902
1,6,1,2021-08-01 22:29:25.992000,-62,-70,-255,-77,3.0015,5.5463,50.0000,9.4915
1,6,1,2021-08-01 22:29:25.992000,-255,-71,-255,-82,50.0000,5.9887,50.0000,13.9316
1,6,1,2021-08-01 22:29:25.992000,-255,-63,-255,-81,50.0000,3.2409,50.0000,12.9023
1,6,1,2021-08-01 22:29:25.992000,-78,-64,-78,-80,10.2487,3.4995,10.2487,11.9490
1,6,1,2021-08-01 22:29:25.992000,-63,-55,-79,-82,3.2409,1.7539,11.0662,13.9316
1,6,1,2021-08-01 22:29:25.992000,-71,-55,-79,-255,5.9887,1.7539,11.0662,50.0000
1,6,1,2021-08-01 22:29:25.992000,-63,-255,-75,-255,3.2409,50.0000,8.1408,50.0000
1,6,1,2021-08-01 22:29:25.992000,-64,-255,-79,-255,3.4995,50.0000,11.0662,50.0000
1,6,1,2021-08-01 22:29:25.992000,-70,-255,-255,-255,5.5463,50.0000,50.0000,50.0000
2,6,1,2021-08-01 22:30:25.992000,-70,-55,-79,-80,5.5463,1.7539,11.0662,11.9490
2,6,1,2021-08-01 22:30:25.992000,-64,-55,-85,-81,3.4995,1.7539,17.5388,12.9023
2,6,1,2021-08-01 22:30:25.992000,-71,-64,-80,-82,5.9887,3.4995,11.9490,13.9316
2,6,1,2021-08-01 22:30:25.992000,-64,-79,-74,-81,3.4995,11.0662,7.5393,12.9023
2,6,1,2021-08-01 22:30:25.992000,-255,-55,-255,-80,50.0000,1.7539,50.0000,11.9490
2,6,1,2021-08-01 22:30:25.992000,-255,-64,-255,-255,50.0000,3.4995,50.0000,50.0000
2,6,1,2021-08-01 22:30:25.992000,-62,-64,-83,-83,3.0015,3.4995,15.0430,15.0430
2,6,1,2021-08-01 22:30:25.992000,-60,-62,-84,-79,2.5743,3.0015,16.2430,11.0662
2,6,1,2021-08-01 22:30:25.992000,-60,-62,-255,-79,2.5743,3.0015,50.0000,11.0662
2,6,1,2021-08-01 22:30:25.992000,-59,-70,-255,-79,2.3841,5.5463,50.0000,11.0662
2,6,1,2021-08-01 22:30:25.992000,-255,-255,-255,-76,50.0000,50.0000,50.0000,8.7902
2,6,1,2021-08-01 22:30:25.992000,-255,-255,-255,-77,50.0000,50.0000,50.0000,9.4915
2,6,1,2021-08-01 22:30:25.992000,-255,-255,-255,-77,50.0000,50.0000,50.0000,9.4915
2,6,1,2021-08-01 22:31:25.992000,-63,-54,-74,-81,3.2409,1.6243,7.5393,12.9023
2,6,1,2021-08-01 22:31:25.992000,-77,-55,-83,-79,9.4915,1.7539,15.0430,11.0662
2,6,1,2021-08-01 22:31:25.992000,-78,-65,-80,-79,10.2487,3.7786,11.9490,11.0662
2,6,1,2021-08-01 22:31:25.992000,-64,-54,-74,-255,3.4995,1.6243,7.5393,50.0000
2,6,1,2021-08-01 22:31:25.992000,-255,-65,-81,-255,50.0000,3.7786,12.9023,50.0000
2,6,1,2021-08-01 22:31:25.992000,-255,-56,-255,-255,50.0000,1.8938,50.0000,50.0000
2,6,1,2021-08-01 22:31:25.992000,-60,-62,-84,-76,2.5743,3.0015,16.2430,8.7902
2,6,1,2021-08-01 22:31:25.992000,-60,-64,-85,-76,2.5743,3.4995,17.5388,8.7902
2,6,1,2021-08-01 22:31:25.992000,-61,-64,-255,-76,2.7797,3.4995,50.0000,8.7902
2,6,1,2021-08-01 22:31:25.992000,-255,-62,-255,-83,50.0000,3.0015,50.0000,15.0430
2,6,1,2021-08-01 22:31:25.992000,-255,-64,-255,-81,50.0000,3.4995,50.0000,12.9023
2,6,1,2021-08-01 22:31:25.992000,-255,-64,-255,-79,50.0000,3.4995,50.0000,11.0662
2,6,1,2021-08-01 22:32:25.992000,-71,-65,-74,-80,5.9887,3.7786,7.5393,11.9490
2,6,1,2021-08-01 22:32:25.992000,-78,-55,-79,-82,10.2487,1.7539,11.0662,13.9316
2,6,1,2021-08-01 22:32:25.992000,-64,-56,-255,-80,3.4995,1.8938,50.0000,11.9490
2,6,1,2021-08-01 22:32:25.992000,-71,-65,-255,-81,5.9887,3.7786,50.0000,12.9023
2,6,1,2021-08-01 22:32:25.992000,-64,-56,-255,-82,3.4995,1.8938,50.0000,13.9316
2,6,1,2021-08-01 22:32:25.992000,-255,-255,-255,-81,50.0000,50.0000,50.0000,12.9023
2,6,1,2021-08-01 22:32:25.992000,-60,-62,-85,-80,2.5743,3.0015,17.5388,11.9490
2,6,1,2021-08-01 22:32:25.992000,-60,-63,-87,-79,2.5743,3.2409,20.4487,11.0662
2,6,1,2021-08-01 22:32:25.992000,-64,-63,-255,-79,3.4995,3.2409,50.0000,11.0662
2,6,1,2021-08-01 22:32:25.992000,-60,-72,-255,-77,2.5743,6.4665,50.0000,9.4915
2,6,1,2021-08-01 22:32:25.992000,-61,-63,-255,-77,2.7797,3.2409,50.0000,9.4915
2,6,1,2021-08-01 22:32:25.992000,-62,-61,-255,-77,3.0015,2.7797,50.0000,9.4915
2,6,1,2021-08-01 22:32:25.992000,-255,-64,-255,-255,50.0000,3.4995,50.0000,50.0000
2,6,1,2021-08-01 22:33:25.992000,-71,-54,-255,-255,5.9887,1.6243,50.0000,50.0000
2,6,1,2021-08-01 22:33:25.992000,-77,-54,-255,-255,9.4915,1.6243,50.0000,50.0000
2,6,1,2021-08-01 22:33:25.992000,-64,-64,-255,-255,3.4995,3.4995,50.0000,50.0000
2,6,1,2021-08-01 22:33:25.992000,-71,-56,-255,-255,5.9887,1.8938,50.0000,50.0000
2,6,1,2021-08-01 22:33:25.992000,-63,-53,-255,-255,3.2409,1.5043,50.0000,50.0000
2,6,1,2021-08-01 22:33:25.992000,-71,-255,-255,-255,5.9887,50.0000,50.0000,50.0000
2,6,1,2021-08-01 22:33:25.992000,-63,-255,-255,-255,3.2409,50.0000,50.0000,50.0000
2,6,1,2021-08-01 22:33:25.992000,-61,-72,-255,-255,2.7797,6.4665,50.0000,50.0000
2,6,1,2021-08-01 22:33:25.992000,-61,-62,-255,-255,2.7797,3.0015,50.0000,50.0000
2,6,1,2021-08-01 22:33:25.992000,-60,-62,-255,-255,2.5743,3.0015,50.0000,50.0000
2,6,1,2021-08-01 22:33:25.992000,-60,-63,-255,-255,2.5743,3.2409,50.0000,50.0000
2,6,1,2021-08-01 22:33:25.992000,-61,-255,-255,-255,2.7797,50.0000,50.0000,50.0000
2,6,1,2021-08-01 22:33:25.992000,-62,-255,-255,-255,3.0015,50.0000,50.0000,50.0000
4,7,1,2021-08-01 22:35:25.992000,-72,-51,-69,-84,6.4665,1.2902,5.1365,16.2430
4,7,1,2021-08-01 22:35:25.992000,-66,-66,-77,-87,4.0801,4.0801,9.4915,20.4487
4,7,1,2021-08-01 22:35:25.992000,-84,-255,-82,-82,16.2430,50.0000,13.9316,13.9316
4,7,1,2021-08-01 22:35:25.992000,-89,-255,-70,-81,23.8415,50.0000,5.5463,12.9023
4,7,1,2021-08-01 22:35:25.992000,-84,-255,-83,-86,16.2430,50.0000,15.0430,18.9380
4,7,1,2021-08-01 22:35:25.992000,-66,-255,-71,-82,4.0801,50.0000,5.9887,13.9316
4,7,1,2021-08-01 22:35:25.992000,-71,-255,-85,-255,5.9887,50.0000,17.5388,50.0000
4,7,1,2021-08-01 22:35:25.992000,-75,-56,-74,-86,8.1408,1.8938,7.5393,18.9380
4,7,1,2021-08-01 22:35:25.992000,-84,-72,-75,-83,16.2430,6.4665,8.1408,15.0430
4,7,1,2021-08-01 22:35:25.992000,-71,-56,-74,-86,5.9887,1.8938,7.5393,18.9380
4,7,1,2021-08-01 22:35:25.992000,-255,-62,-73,-77,50.0000,3.0015,6.9823,9.4915
4,7,1,2021-08-01 22:35:25.992000,-255,-255,-73,-78,50.0000,50.0000,6.9823,10.2487
4,7,1,2021-08-01 22:35:25.992000,-255,-255,-255,-78,50.0000,50.0000,50.0000,10.2487
3,7,1,2021-08-01 22:36:25.992000,-71,-57,-74,-77,5.9887,2.0449,7.5393,9.4915
3,7,1,2021-08-01 22:36:25.992000,-71,-56,-75,-86,5.9887,1.8938,8.1408,18.9380
3,7,1,2021-08-01 22:36:25.992000,-93,-62,-73,-78,32.4091,3.0015,6.9823,10.2487
3,7,1,2021-08-01 22:36:25.992000,-255,-56,-74,-77,50.0000,1.8938,7.5393,9.4915
3,7,1,2021-08-01 22:36:25.992000,-255,-71,-255,-255,50.0000,5.9887,50.0000,50.0000
3,7,1,2021-08-01 22:36:25.992000,-255,-62,-255,-255,50.0000,3.0015,50.0000,50.0000
3,7,1,2021-08-01 22:36:25.992000,-83,-51,-76,-83,15.0430,1.2902,8.7902,15.0430
3,7,1,2021-08-01 22:36:25.992000,-71,-64,-79,-81,5.9887,3.4995,11.0662,12.9023
3,7,1,2021-08-01 22:36:25.992000,-82,-255,-77,-85,13.9316,50.0000,9.4915,17.5388
3,7,1,2021-08-01 22:36:25.992000,-255,-255,-70,-255,50.0000,50.0000,5.5463,50.0000
3,7,1,2021-08-01 22:36:25.992000,-255,-255,-79,-255,50.0000,50.0000,11.0662,50.0000
3,7,1,2021-08-01 22:37:25.992000,-73,-73,-74,-87,6.9823,6.9823,7.5393,20.4487
3,7,1,2021-08-01 22:37:25.992000,-73,-56,-74,-86,6.9823,1.8938,7.5393,18.9380
3,7,1,2021-08-01 22:37:25.992000,-71,-75,-74,-88,5.9887,8.1408,7.5393,22.0800
3,7,1,2021-08-01 22:37:25.992000,-71,-56,-75,-77,5.9887,1.8938,8.1408,9.4915
3,7,1,2021-08-01 22:37:25.992000,-255,-72,-255,-84,50.0000,6.4665,50.0000,16.2430
3,7,1,2021-08-01 22:37:25.992000,-72,-51,-90,-79,6.4665,1.2902,25.7434,11.0662
3,7,1,2021-08-01 22:37:25.992000,-72,-86,-83,-80,6.4665,18.9380,15.0430,11.9490
3,7,1,2021-08-01 22:37:25.992000,-67,-50,-77,-79,4.4055,1.1949,9.4915,11.0662
3,7,1,2021-08-01 22:37:25.992000,-255,-63,-81,-88,50.0000,3.2409,12.9023,22.0800
3,7,1,2021-08-01 22:37:25.992000,-255,-255,-70,-88,50.0000,50.0000,5.5463,22.0800
3,7,1,2021-08-01 22:37:25.992000,-255,-255,-77,-89,50.0000,50.0000,9.4915,23.8415
3,7,1,2021-08-01 22:37:25.992000,-255,-255,-71,-255,50.0000,50.0000,5.9887,50.0000
3,7,1,2021-08-01 22:38:25.992000,-70,-63,-73,-86,5.5463,3.2409,6.9823,18.9380
3,7,1,2021-08-01 22:38:25.992000,-72,-72,-74,-88,6.4665,6.4665,7.5393,22.0800
3,7,1,2021-08-01 22:38:25.992000,-71,-72,-74,-78,5.9887,6.4665,7.5393,10.2487
3,7,1,2021-08-01 22:38:25.992000,-73,-255,-74,-77,6.9823,50.0000,7.5393,9.4915
3,7,1,2021-08-01 22:38:25.992000,-73,-255,-255,-255,6.9823,50.0000,50.0000,50.0000
3,7,1,2021-08-01 22:38:25.992000,-71,-255,-255,-255,5.9887,50.0000,50.0000,50.0000
3,7,1,2021-08-01 22:38:25.992000,-93,-63,-76,-81,32.4091,3.2409,8.7902,12.9023
3,7,1,2021-08-01 22:38:25.992000,-83,-62,-82,-81,15.0430,3.0015,13.9316,12.9023
3,7,1,2021-08-01 22:38:25.992000,-70,-63,-71,-82,5.5463,3.2409,5.9887,13.9316
3,7,1,2021-08-01 22:38:25.992000,-67,-255,-82,-83,4.4055,50.0000,13.9316,15.0430
3,7,1,2021-08-01 22:38:25.992000,-71,-255,-255,-82,5.9887,50.0000,50.0000,13.9316
3,7,1,2021-08-01 22:38:25.992000,-83,-255,-255,-255,15.0430,50.0000,50.0000,50.0000
3,7,1,2021-08-01 22:38:25.992000,-67,-255,-255,-255,4.4055,50.0000,50.0000,50.0000
4,7,1,2021-08-01 22:39:25.992000,-86,-52,-71,-85,18.9380,1.3932,5.9887,17.5388
4,7,1,2021-08-01 22:39:25.992000,-67,-51,-83,-84,4.4055,1.2902,15.0430,16.2430
4,7,1,2021-08-01 22:39:25.992000,-71,-62,-94,-255,5.9887,3.0015,34.9945,50.0000
4,7,1,2021-08-01 22:39:25.992000,-255,-63,-81,-255,50.0000,3.2409,12.9023,50.0000
4,7,1,2021-08-01 22:39:25.992000,-255,-51,-78,-255,50.0000,1.2902,10.2487,50.0000
4,7,1,2021-08-01 22:39:25.992000,-73,-57,-74,-86,6.9823,2.0449,7.5393,18.9380
4,7,1,2021-08-01 22:39:25.992000,-255,-60,-73,-86,50.0000,2.5743,6.9823,18.9380
4,7,1,2021-08-01 22:39:25.992000,-255,-72,-78,-78,50.0000,6.4665,10.2487,10.2487
4,7,1,2021-08-01 22:39:25.992000,-255,-255,-74,-87,50.0000,50.0000,7.5393,20.4487
1,7,1,2021-08-01 22:42:25.992000,-58,-69,-81,-82,2.2080,5.1365,12.9023,13.9316
1,7,1,2021-08-01 22:42:25.992000,-61,-75,-84,-82,2.7797,8.1408,16.2430,13.9316
1,7,1,2021-08-01 22:42:25.992000,-61,-79,-74,-84,2.7797,11.0662,7.5393,16.2430
1,7,1,2021-08-01 22:42:25.992000,-57,-78,-85,-255,2.0449,10.2487,17.5388,50.0000
1,7,1,2021-08-01 22:42:25.992000,-55,-255,-78,-255,1.7539,50.0000,10.2487,50.0000
1,7,1,2021-08-01 22:42:25.992000,-255,-255,-73,-255,50.0000,50.0000,6.9823,50.0000
1,7,1,2021-08-01 22:42:25.992000,-70,-68,-70,-81,5.5463,4.7570,5.5463,12.9023
1,7,1,2021-08-01 22:42:25.992000,-61,-57,-76,-72,2.7797,2.0449,8.7902,6.4665
1,7,1,2021-08-01 22:42:25.992000,-72,-63,-71,-71,6.4665,3.2409,5.9887,5.9887
1,7,1,2021-08-01 22:42:25.992000,-59,-58,-255,-80,2.3841,2.2080,50.0000,11.9490
1,7,1,2021-08-01 22:42:25.992000,-255,-67,-255,-255,50.0000,4.4055,50.0000,50.0000
1,7,1,2021-08-01 22:42:25.992000,-255,-57,-255,-255,50.0000,2.0449,50.0000,50.0000
1,7,1,2021-08-01 22:42:25.992000,-255,-57,-255,-255,50.0000,2.0449,50.0000,50.0000
2,7,1,2021-08-01 22:43:25.992000,-255,-255,-72,-255,50.0000,50.0000,6.4665,50.0000
2,7,1,2021-08-01 22:43:25.992000,-255,-255,-74,-255,50.0000,50.0000,7.5393,50.0000
2,7,1,2021-08-01 22:43:25.992000,-255,-255,-70,-255,50.0000,50.0000,5.5463,50.0000
2,7,1,2021-08-01 22:43:25.992000,-255,-255,-74,-255,50.0000,50.0000,7.5393,50.0000
2,7,1,2021-08-01 22:43:25.992000,-255,-255,-86,-255,50.0000,50.0000,18.9380,50.0000
2,7,1,2021-08-01 22:43:25.992000,-255,-255,-73,-255,50.0000,50.0000,6.9823,50.0000
2,7,1,2021-08-01 22:43:25.992000,-255,-255,-84,-255,50.0000,50.0000,16.2430,50.0000
2,7,1,2021-08-01 22:43:25.992000,-255,-255,-74,-255,50.0000,50.0000,7.5393,50.0000
2,7,1,2021-08-01 22:43:25.992000,-255,-255,-84,-255,50.0000,50.0000,16.2430,50.0000
2,7,1,2021-08-01 22:44:25.992000,-255,-57,-255,-255,50.0000,2.0449,50.0000,50.0000
2,7,1,2021-08-01 22:45:25.992000,-69,-64,-73,-255,5.1365,3.4995,6.9823,50.0000
2,7,1,2021-08-01 22:45:25.992000,-74,-67,-255,-255,7.5393,4.4055,50.0000,50.0000
2,7,1,2021-08-01 22:45:25.992000,-59,-57,-255,-255,2.3841,2.0449,50.0000,50.0000
2,7,1,2021-08-01 22:45:25.992000,-58,-67,-255,-255,2.2080,4.4055,50.0000,50.0000
2,7,1,2021-08-01 22:45:25.992000,-70,-58,-255,-255,5.5463,2.2080,50.0000,50.0000
2,7,1,2021-08-01 22:45:25.992000,-75,-63,-255,-255,8.1408,3.2409,50.0000,50.0000
2,7,1,2021-08-01 22:45:25.992000,-58,-68,-255,-255,2.2080,4.7570,50.0000,50.0000
2,7,1,2021-08-01 22:45:25.992000,-63,-71,-78,-255,3.2409,5.9887,10.2487,50.0000
2,7,1,2021-08-01 22:45:25.992000,-57,-76,-74,-255,2.0449,8.7902,7.5393,50.0000
2,7,1,2021-08-01 22:45:25.992000,-57,-71,-79,-255,2.0449,5.9887,11.0662,50.0000
2,7,1,2021-08-01 22:45:25.992000,-54,-70,-73,-255,1.6243,5.5463,6.9823,50.0000
2,7,1,2021-08-01 22:45:25.992000,-61,-255,-78,-255,2.7797,50.0000,10.2487,50.0000
2,7,1,2021-08-01 22:45:25.992000,-58,-255,-255,-255,2.2080,50.0000,50.0000,50.0000
2,7,1,2021-08-01 22:46:25.992000,-58,-57,-71,-255,2.2080,2.0449,5.9887,50.0000
2,7,1,2021-08-01 22:46:25.992000,-70,-69,-71,-255,5.5463,5.1365,5.9887,50.0000
2,7,1,2021-08-01 22:46:25.992000,-59,-64,-70,-255,2.3841,3.4995,5.5463,50.0000
2,7,1,2021-08-01 22:46:25.992000,-74,-57,-255,-255,7.5393,2.0449,50.0000,50.0000
2,7,1,2021-08-01 22:46:25.992000,-69,-69,-255,-255,5.1365,5.1365,50.0000,50.0000
2,7,1,2021-08-01 22:46:25.992000,-73,-255,-255,-255,6.9823,50.0000,50.0000,50.0000
2,7,1,2021-08-01 22:46:25.992000,-59,-255,-255,-255,2.3841,50.0000,50.0000,50.0000
2,7,1,2021-08-01 22:46:25.992000,-54,-71,-86,-255,1.6243,5.9887,18.9380,50.0000
2,7,1,2021-08-01 22:46:25.992000,-57,-77,-85,-255,2.0449,9.4915,17.5388,50.0000
2,7,1,2021-08-01 22:46:25.992000,-57,-70,-77,-255,2.0449,5.5463,9.4915,50.0000
2,7,1,2021-08-01 22:46:25.992000,-54,-79,-86,-255,1.6243,11.0662,18.9380,50.0000
2,7,1,2021-08-01 22:46:25.992000,-255,-69,-255,-255,50.0000,5.1365,50.0000,50.0000
2,7,1,2021-08-01 22:46:25.992000,-255,-70,-255,-255,50.0000,5.5463,50.0000,50.0000
2,7,1,2021-08-01 22:46:25.992000,-255,-70,-255,-255,50.0000,5.5463,50.0000,50.0000
6,3,1,2021-08-01 22:48:25.992000,-255,-88,-255,-255,50.0000,22.0800,50.0000,50.0000
6,3,1,2021-08-01 22:48:25.992000,-255,-80,-255,-255,50.0000,11.9490,50.0000,50.0000
6,3,1,2021-08-01 22:48:25.992000,-255,-86,-255,-255,50.0000,18.9380,50.0000,50.0000
6,3,1,2021-08-01 22:48:25.992000,-255,-81,-255,-255,50.0000,12.9023,50.0000,50.0000
6,3,1,2021-08-01 22:48:25.992000,-255,-88,-255,-255,50.0000,22.0800,50.0000,50.0000
6,3,1,2021-08-01 22:48:25.992000,-255,-81,-255,-255,50.0000,12.9023,50.0000,50.0000
6,3,1,2021-08-01 22:48:25.992000,-255,-77,-255,-255,50.0000,9.4915,50.0000,50.0000
6,3,1,2021-08-01 22:48:25.992000,-255,-78,-255,-255,50.0000,10.2487,50.0000,50.0000
6,3,1,2021-08-01 22:48:25.992000,-255,-80,-255,-255,50.0000,11.9490,50.0000,50.0000
6,3,1,2021-08-01 22:48:25.992000,-255,-79,-255,-255,50.0000,11.0662,50.0000,50.0000
5,3,1,2021-08-01 22:49:25.992000,-80,-78,-255,-255,11.9490,10.2487,50.0000,50.0000
5,3,1,2021-08-01 22:49:25.992000,-81,-78,-255,-255,12.9023,10.2487,50.0000,50.0000
5,3,1,2021-08-01 22:49:25.992000,-79,-82,-255,-255,11.0662,13.9316,50.0000,50.0000
5,3,1,2021-08-01 22:49:25.992000,-81,-83,-255,-255,12.9023,15.0430,50.0000,50.0000
5,3,1,2021-08-01 22:49:25.992000,-81,-255,-255,-255,12.9023,50.0000,50.0000,50.0000
5,3,1,2021-08-01 22:49:25.992000,-95,-89,-255,-255,37.7862,23.8415,50.0000,50.0000
5,3,1,2021-08-01 22:49:25.992000,-255,-80,-255,-255,50.0000,11.9490,50.0000,50.0000
5,3,1,2021-08-01 22:49:25.992000,-255,-90,-255,-255,50.0000,25.7434,50.0000,50.0000
5,3,1,2021-08-01 22:49:25.992000,-255,-93,-255,-255,50.0000,32.4091,50.0000,50.0000
5,3,1,2021-08-01 22:49:25.992000,-255,-85,-255,-255,50.0000,17.5388,50.0000,50.0000
5,3,1,2021-08-01 22:49:25.992000,-255,-91,-255,-255,50.0000,27.7971,50.0000,50.0000
5,3,1,2021-08-01 22:50:25.992000,-81,-80,-255,-255,12.9023,11.9490,50.0000,50.0000
5,3,1,2021-08-01 22:50:25.992000,-80,-78,-255,-255,11.9490,10.2487,50.0000,50.0000
5,3,1,2021-08-01 22:50:25.992000,-80,-82,-255,-255,11.9490,13.9316,50.0000,50.0000
5,3,1,2021-08-01 22:50:25.992000,-97,-90,-255,-255,44.0555,25.7434,50.0000,50.0000
5,3,1,2021-08-01 22:50:25.992000,-255,-82,-255,-255,50.0000,13.9316,50.0000,50.0000
5,3,1,2021-08-01 22:50:25.992000,-255,-87,-255,-255,50.0000,20.4487,50.0000,50.0000
5,3,1,2021-08-01 22:50:25.992000,-255,-80,-255,-255,50.0000,11.9490,50.0000,50.0000
5,3,1,2021-08-01 22:51:25.992000,-80,-79,-79,-255,11.9490,11.0662,11.0662,50.0000
5,3,1,2021-08-01 22:51:25.992000,-81,-82,-64,-255,12.9023,13.9316,3.4995,50.0000
5,3,1,2021-08-01 22:51:25.992000,-80,-79,-59,-255,11.9490,11.0662,2.3841,50.0000
5,3,1,2021-08-01 22:51:25.992000,-255,-255,-64,-255,50.0000,50.0000,3.4995,50.0000
5,3,1,2021-08-01 22:51:25.992000,-255,-90,-63,-255,50.0000,25.7434,3.2409,50.0000
5,3,1,2021-08-01 22:51:25.992000,-255,-80,-64,-255,50.0000,11.9490,3.4995,50.0000
5,3,1,2021-08-01 22:51:25.992000,-255,-88,-60,-255,50.0000,22.0800,2.5743,50.0000
5,3,1,2021-08-01 22:51:25.992000,-255,-92,-255,-255,50.0000,30.0147,50.0000,50.0000
5,3,1,2021-08-01 22:51:25.992000,-255,-85,-255,-255,50.0000,17.5388,50.0000,50.0000
5,3,1,2021-08-01 22:52:25.992000,-82,-79,-59,-255,13.9316,11.0662,2.3841,50.0000
5,3,1,2021-08-01 22:52:25.992000,-81,-84,-79,-255,12.9023,16.2430,11.0662,50.0000
5,3,1,2021-08-01 22:52:25.992000,-82,-78,-58,-255,13.9316,10.2487,2.2080,50.0000
5,3,1,2021-08-01 22:52:25.992000,-81,-255,-59,-255,12.9023,50.0000,2.3841,50.0000
5,3,1,2021-08-01 22:52:25.992000,-255,-255,-77,-255,50.0000,50.0000,9.4915,50.0000
5,3,1,2021-08-01 22:52:25.992000,-255,-255,-60,-255,50.0000,50.0000,2.5743,50.0000
5,3,1,2021-08-01 22:52:25.992000,-255,-255,-77,-255,50.0000,50.0000,9.4915,50.0000
5,3,1,2021-08-01 22:52:25.992000,-255,-80,-63,-255,50.0000,11.9490,3.2409,50.0000
5,3,1,2021-08-01 22:52:25.992000,-255,-89,-63,-255,50.0000,23.8415,3.2409,50.0000
5,3,1,2021-08-01 22:52:25.992000,-255,-89,-60,-255,50.0000,23.8415,2.5743,50.0000
5,3,1,2021-08-01 22:52:25.992000,-255,-80,-63,-255,50.0000,11.9490,3.2409,50.0000
5,3,1,2021-08-01 22:52:25.992000,-255,-89,-62,-255,50.0000,23.8415,3.0015,50.0000
5,3,1,2021-08-01 22:52:25.992000,-255,-89,-63,-255,50.0000,23.8415,3.2409,50.0000
5,3,1,2021-08-01 22:52:25.992000,-255,-79,-255,-255,50.0000,11.0662,50.0000,50.0000
5,3,1,2021-08-01 22:53:25.992000,-255,-255,-59,-255,50.0000,50.0000,2.3841,50.0000
5,3,1,2021-08-01 22:53:25.992000,-255,-255,-63,-255,50.0000,50.0000,3.2409,50.0000
5,3,1,2021-08-01 22:53:25.992000,-255,-255,-64,-255,50.0000,50.0000,3.4995,50.0000
5,3,1,2021-08-01 22:53:25.992000,-255,-255,-64,-255,50.0000,50.0000,3.4995,50.0000
5,3,1,2021-08-01 22:53:25.992000,-255,-255,-64,-255,50.0000,50.0000,3.4995,50.0000
5,3,1,2021-08-01 22:53:25.992000,-255,-255,-61,-255,50.0000,50.0000,2.7797,50.0000
5,3,1,2021-08-01 22:53:25.992000,-255,-255,-63,-255,50.0000,50.0000,3.2409,50.0000
5,3,1,2021-08-01 22:53:25.992000,-255,-255,-62,-255,50.0000,50.0000,3.0015,50.0000
5,3,1,2021-08-01 22:53:25.992000,-255,-255,-61,-255,50.0000,50.0000,2.7797,50.0000
5,3,1,2021-08-01 22:53:25.992000,-255,-255,-68,-255,50.0000,50.0000,4.7570,50.0000
6,2,1,2021-08-01 22:54:25.992000,-92,-90,-255,-255,30.0147,25.7434,50.0000,50.0000
6,2,1,2021-08-01 22:54:25.992000,-91,-88,-255,-255,27.7971,22.0800,50.0000,50.0000
6,2,1,2021-08-01 22:54:25.992000,-92,-77,-255,-255,30.0147,9.4915,50.0000,50.0000
6,2,1,2021-08-01 22:54:25.992000,-86,-78,-255,-255,18.9380,10.2487,50.0000,50.0000
6,2,1,2021-08-01 22:55:25.992000,-92,-255,-76,-255,30.0147,50.0000,8.7902,50.0000
6,2,1,2021-08-01 22:55:25.992000,-255,-255,-75,-255,50.0000,50.0000,8.1408,50.0000
6,2,1,2021-08-01 22:55:25.992000,-255,-255,-75,-255,50.0000,50.0000,8.1408,50.0000
6,2,1,2021-08-01 22:55:25.992000,-255,-255,-75,-255,50.0000,50.0000,8.1408,50.0000
6,2,1,2021-08-01 22:55:25.992000,-255,-255,-76,-255,50.0000,50.0000,8.7902,50.0000
6,2,1,2021-08-01 22:55:25.992000,-89,-86,-67,-255,23.8415,18.9380,4.4055,50.0000
6,2,1,2021-08-01 22:55:25.992000,-95,-78,-65,-255,37.7862,10.2487,3.7786,50.0000
6,2,1,2021-08-01 22:55:25.992000,-96,-86,-60,-255,40.8006,18.9380,2.5743,50.0000
6,2,1,2021-08-01 22:55:25.992000,-255,-85,-67,-255,50.0000,17.5388,4.4055,50.0000
6,2,1,2021-08-01 22:55:25.992000,-255,-255,-64,-255,50.0000,50.0000,3.4995,50.0000
5,2,1,2021-08-01 22:56:25.992000,-94,-78,-64,-255,34.9945,10.2487,3.4995,50.0000
5,2,1,2021-08-01 22:56:25.992000,-255,-83,-66,-255,50.0000,15.0430,4.0801,50.0000
5,2,1,2021-08-01 22:56:25.992000,-255,-89,-65,-255,50.0000,23.8415,3.7786,50.0000
5,2,1,2021-08-01 22:56:25.992000,-255,-77,-65,-255,50.0000,9.4915,3.7786,50.0000
5,2,1,2021-08-01 22:56:25.992000,-255,-83,-63,-255,50.0000,15.0430,3.2409,50.0000
5,2,1,2021-08-01 22:56:25.992000,-255,-85,-67,-255,50.0000,17.5388,4.4055,50.0000
5,2,1,2021-08-01 22:56:25.992000,-93,-89,-76,-255,32.4091,23.8415,8.7902,50.0000
5,2,1,2021-08-01 22:56:25.992000,-255,-91,-69,-255,50.0000,27.7971,5.1365,50.0000
5,2,1,2021-08-01 22:56:25.992000,-255,-255,-76,-255,50.0000,50.0000,8.7902,50.0000
5,2,1,2021-08-01 22:56:25.992000,-255,-255,-75,-255,50.0000,50.0000,8.1408,50.0000
5,2,1,2021-08-01 22:57:25.992000,-86,-77,-65,-255,18.9380,9.4915,3.7786,50.0000
5,2,1,2021-08-01 22:57:25.992000,-95,-76,-61,-255,37.7862,8.7902,2.7797,50.0000
5,2,1,2021-08-01 22:57:25.992000,-86,-83,-66,-255,18.9380,15.0430,4.0801,50.0000
5,2,1,2021-08-01 22:57:25.992000,-255,-255,-65,-255,50.0000,50.0000,3.7786,50.0000
5,2,1,2021-08-01 22:57:25.992000,-255,-255,-66,-255,50.0000,50.0000,4.0801,50.0000
5,2,1,2021-08-01 22:57:25.992000,-90,-255,-75,-255,25.7434,50.0000,8.1408,50.0000
5,2,1,2021-08-01 22:57:25.992000,-92,-255,-76,-255,30.0147,50.0000,8.7902,50.0000
5,2,1,2021-08-01 22:58:25.992000,-93,-83,-60,-255,32.4091,15.0430,2.5743,50.0000
5,2,1,2021-08-01 22:58:25.992000,-101,-84,-64,-255,59.8871,16.2430,3.4995,50.0000
5,2,1,2021-08-01 22:58:25.992000,-96,-77,-66,-255,40.8006,9.4915,4.0801,50.0000
5,2,1,2021-08-01 22:58:25.992000,-85,-84,-60,-255,17.5388,16.2430,2.5743,50.0000
5,2,1,2021-08-01 22:58:25.992000,-255,-77,-66,-255,50.0000,9.4915,4.0801,50.0000
5,2,1,2021-08-01 22:58:25.992000,-255,-255,-87,-255,50.0000,50.0000,20.4487,50.0000
5,2,1,2021-08-01 22:58:25.992000,-255,-255,-65,-255,50.0000,50.0000,3.7786,50.0000
5,2,1,2021-08-01 22:58:25.992000,-255,-255,-67,-255,50.0000,50.0000,4.4055,50.0000
5,2,1,2021-08-01 22:58:25.992000,-91,-90,-71,-255,27.7971,25.7434,5.9887,50.0000
5,2,1,2021-08-01 22:58:25.992000,-90,-91,-75,-255,25.7434,27.7971,8.1408,50.0000
5,2,1,2021-08-01 22:58:25.992000,-255,-255,-69,-255,50.0000,50.0000,5.1365,50.0000
5,2,1,2021-08-01 22:58:25.992000,-255,-255,-75,-255,50.0000,50.0000,8.1408,50.0000
5,2,1,2021-08-01 22:58:25.992000,-255,-255,-70,-255,50.0000,50.0000,5.5463,50.0000
5,2,1,2021-08-01 22:58:25.992000,-255,-255,-76,-255,50.0000,50.0000,8.7902,50.0000
5,2,1,2021-08-01 22:58:25.992000,-255,-255,-75,-255,50.0000,50.0000,8.1408,50.0000
6,2,1,2021-08-01 22:59:25.992000,-255,-255,-70,-255,50.0000,50.0000,5.5463,50.0000
6,2,1,2021-08-01 22:59:25.992000,-255,-255,-76,-255,50.0000,50.0000,8.7902,50.0000
6,2,1,2021-08-01 22:59:25.992000,-255,-255,-71,-255,50.0000,50.0000,5.9887,50.0000
6,2,1,2021-08-01 22:59:25.992000,-255,-255,-69,-255,50.0000,50.0000,5.1365,50.0000
6,2,1,2021-08-01 22:59:25.992000,-255,-255,-76,-255,50.0000,50.0000,8.7902,50.0000
6,2,1,2021-08-01 22:59:25.992000,-255,-255,-70,-255,50.0000,50.0000,5.5463,50.0000
6,2,1,2021-08-01 22:59:25.992000,-255,-255,-65,-255,50.0000,50.0000,3.7786,50.0000
6,2,1,2021-08-01 22:59:25.992000,-255,-255,-64,-255,50.0000,50.0000,3.4995,50.0000
6,2,1,2021-08-01 22:59:25.992000,-255,-255,-64,-255,50.0000,50.0000,3.4995,50.0000
6,2,1,2021-08-01 22:59:25.992000,-255,-255,-61,-255,50.0000,50.0000,2.7797,50.0000
6,1,1,2021-08-01 23:01:25.992000,-91,-90,-73,-255,27.7971,25.7434,6.9823,50.0000
6,1,1,2021-08-01 23:01:25.992000,-93,-85,-76,-255,32.4091,17.5388,8.7902,50.0000
6,1,1,2021-08-01 23:01:25.992000,-90,-90,-74,-255,25.7434,25.7434,7.5393,50.0000
6,1,1,2021-08-01 23:01:25.992000,-255,-90,-76,-255,50.0000,25.7434,8.7902,50.0000
6,1,1,2021-08-01 23:01:25.992000,-255,-90,-74,-255,50.0000,25.7434,7.5393,50.0000
6,1,1,2021-08-01 23:01:25.992000,-255,-89,-76,-255,50.0000,23.8415,8.7902,50.0000
6,1,1,2021-08-01 23:01:25.992000,-86,-79,-75,-255,18.9380,11.0662,8.1408,50.0000
6,1,1,2021-08-01 23:01:25.992000,-82,-80,-72,-255,13.9316,11.9490,6.4665,50.0000
6,1,1,2021-08-01 23:01:25.992000,-88,-80,-72,-255,22.0800,11.9490,6.4665,50.0000
6,1,1,2021-08-01 23:01:25.992000,-255,-255,-72,-255,50.0000,50.0000,6.4665,50.0000
6,1,1,2021-08-01 23:01:25.992000,-255,-255,-72,-255,50.0000,50.0000,6.4665,50.0000
6,1,1,2021-08-01 23:01:25.992000,-255,-255,-72,-255,50.0000,50.0000,6.4665,50.0000
5,1,1,2021-08-01 23:02:25.992000,-82,-80,-74,-255,13.9316,11.9490,7.5393,50.0000
5,1,1,2021-08-01 23:02:25.992000,-85,-80,-72,-255,17.5388,11.9490,6.4665,50.0000
5,1,1,2021-08-01 23:02:25.992000,-86,-81,-74,-255,18.9380,12.9023,7.5393,50.0000
5,1,1,2021-08-01 23:02:25.992000,-82,-80,-73,-255,13.9316,11.9490,6.9823,50.0000
5,1,1,2021-08-01 23:02:25.992000,-255,-255,-74,-255,50.0000,50.0000,7.5393,50.0000
5,1,1,2021-08-01 23:02:25.992000,-255,-255,-94,-255,50.0000,50.0000,34.9945,50.0000
5,1,1,2021-08-01 23:02:25.992000,-255,-255,-75,-255,50.0000,50.0000,8.1408,50.0000
5,1,1,2021-08-01 23:02:25.992000,-93,-84,-76,-255,32.4091,16.2430,8.7902,50.0000
5,1,1,2021-08-01 23:02:25.992000,-90,-88,-73,-255,25.7434,22.0800,6.9823,50.0000
5,1,1,2021-08-01 23:02:25.992000,-92,-89,-255,-255,30.0147,23.8415,50.0000,50.0000
5,1,1,2021-08-01 23:03:25.992000,-85,-255,-74,-255,17.5388,50.0000,7.5393,50.0000
5,1,1,2021-08-01 23:03:25.992000,-86,-255,-74,-255,18.9380,50.0000,7.5393,50.0000
5,1,1,2021-08-01 23:03:25.992000,-82,-255,-75,-255,13.9316,50.0000,8.1408,50.0000
5,1,1,2021-08-01 23:03:25.992000,-255,-255,-72,-255,50.0000,50.0000,6.4665,50.0000
5,1,1,2021-08-01 23:03:25.992000,-95,-255,-74,-255,37.7862,50.0000,7.5393,50.0000
5,1,1,2021-08-01 23:03:25.992000,-91,-255,-74,-255,27.7971,50.0000,7.5393,50.0000
5,1,1,2021-08-01 23:03:25.992000,-94,-255,-255,-255,34.9945,50.0000,50.0000,50.0000
5,1,1,2021-08-01 23:04:25.992000,-87,-81,-74,-255,20.4487,12.9023,7.5393,50.0000
5,1,1,2021-08-01 23:04:25.992000,-83,-80,-74,-255,15.0430,11.9490,7.5393,50.0000
5,1,1,2021-08-01 23:04:25.992000,-83,-255,-71,-255,15.0430,50.0000,5.9887,50.0000
5,1,1,2021-08-01 23:04:25.992000,-255,-255,-73,-255,50.0000,50.0000,6.9823,50.0000
5,1,1,2021-08-01 23:04:25.992000,-255,-255,-72,-255,50.0000,50.0000,6.4665,50.0000
5,1,1,2021-08-01 23:04:25.992000,-92,-88,-74,-255,30.0147,22.0800,7.5393,50.0000
5,1,1,2021-08-01 23:04:25.992000,-92,-88,-74,-255,30.0147,22.0800,7.5393,50.0000
5,1,1,2021-08-01 23:04:25.992000,-90,-87,-74,-255,25.7434,20.4487,7.5393,50.0000
5,1,1,2021-08-01 23:04:25.992000,-91,-255,-255,-255,27.7971,50.0000,50.0000,50.0000
5,1,1,2021-08-01 23:05:25.992000,-82,-255,-74,-255,13.9316,50.0000,7.5393,50.0000
5,1,1,2021-08-01 23:05:25.992000,-83,-255,-73,-255,15.0430,50.0000,6.9823,50.0000
5,1,1,2021-08-01 23:05:25.992000,-85,-255,-72,-255,17.5388,50.0000,6.4665,50.0000
5,1,1,2021-08-01 23:05:25.992000,-84,-255,-74,-255,16.2430,50.0000,7.5393,50.0000
5,1,1,2021-08-01 23:05:25.992000,-255,-255,-75,-255,50.0000,50.0000,8.1408,50.0000
5,1,1,2021-08-01 23:05:25.992000,-255,-255,-74,-255,50.0000,50.0000,7.5393,50.0000
5,1,1,2021-08-01 23:05:25.992000,-255,-255,-75,-255,50.0000,50.0000,8.1408,50.0000
5,1,1,2021-08-01 23:05:25.992000,-94,-255,-74,-255,34.9945,50.0000,7.5393,50.0000
5,1,1,2021-08-01 23:05:25.992000,-92,-255,-76,-255,30.0147,50.0000,8.7902,50.0000
5,1,1,2021-08-01 23:05:25.992000,-92,-255,-77,-255,30.0147,50.0000,9.4915,50.0000
7,3,1,2021-08-01 23:08:25.992000,-92,-92,-71,-255,30.0147,30.0147,5.9887,50.0000
7,3,1,2021-08-01 23:08:25.992000,-88,-84,-67,-255,22.0800,16.2430,4.4055,50.0000
7,3,1,2021-08-01 23:08:25.992000,-88,-89,-66,-255,22.0800,23.8415,4.0801,50.0000
7,3,1,2021-08-01 23:08:25.992000,-90,-255,-68,-255,25.7434,50.0000,4.7570,50.0000
7,3,1,2021-08-01 23:08:25.992000,-255,-255,-67,-255,50.0000,50.0000,4.4055,50.0000
7,3,1,2021-08-01 23:08:25.992000,-255,-255,-72,-255,50.0000,50.0000,6.4665,50.0000
7,3,1,2021-08-01 23:08:25.992000,-255,-255,-94,-255,50.0000,50.0000,34.9945,50.0000
7,3,1,2021-08-01 23:08:25.992000,-95,-88,-74,-255,37.7862,22.0800,7.5393,50.0000
7,3,1,2021-08-01 23:08:25.992000,-89,-255,-74,-255,23.8415,50.0000,7.5393,50.0000
7,3,1,2021-08-01 23:08:25.992000,-255,-255,-77,-255,50.0000,50.0000,9.4915,50.0000
7,3,1,2021-08-01 23:08:25.992000,-255,-255,-75,-255,50.0000,50.0000,8.1408,50.0000
7,3,1,2021-08-01 23:08:25.992000,-255,-255,-85,-255,50.0000,50.0000,17.5388,50.0000
7,3,1,2021-08-01 23:09:25.992000,-89,-94,-73,-255,23.8415,34.9945,6.9823,50.0000
7,3,1,2021-08-01 23:09:25.992000,-255,-81,-73,-255,50.0000,12.9023,6.9823,50.0000
7,3,1,2021-08-01 23:09:25.992000,-255,-84,-66,-255,50.0000,16.2430,4.0801,50.0000
7,3,1,2021-08-01 23:09:25.992000,-255,-255,-68,-255,50.0000,50.0000,4.7570,50.0000
7,3,1,2021-08-01 23:09:25.992000,-95,-87,-74,-255,37.7862,20.4487,7.5393,50.0000
7,3,1,2021-08-01 23:09:25.992000,-91,-255,-84,-255,27.7971,50.0000,16.2430,50.0000
7,3,1,2021-08-01 23:09:25.992000,-96,-255,-75,-255,40.8006,50.0000,8.1408,50.0000
7,3,1,2021-08-01 23:09:25.992000,-89,-255,-75,-255,23.8415,50.0000,8.1408,50.0000
7,3,1,2021-08-01 23:10:25.992000,-96,-255,-255,-255,40.8006,50.0000,50.0000,50.0000
7,3,1,2021-08-01 23:10:25.992000,-90,-255,-255,-255,25.7434,50.0000,50.0000,50.0000
7,3,1,2021-08-01 23:10:25.992000,-89,-255,-255,-255,23.8415,50.0000,50.0000,50.0000
7,3,1,2021-08-01 23:10:25.992000,-98,-255,-255,-255,47.5700,50.0000,50.0000,50.0000
7,3,1,2021-08-01 23:10:25.992000,-89,-255,-255,-255,23.8415,50.0000,50.0000,50.0000
7,3,1,2021-08-01 23:11:25.992000,-89,-255,-66,-255,23.8415,50.0000,4.0801,50.0000
7,3,1,2021-08-01 23:11:25.992000,-87,-255,-65,-255,20.4487,50.0000,3.7786,50.0000
7,3,1,2021-08-01 23:11:25.992000,-94,-255,-66,-255,34.9945,50.0000,4.0801,50.0000
7,3,1,2021-08-01 23:11:25.992000,-91,-255,-68,-255,27.7971,50.0000,4.7570,50.0000
7,3,1,2021-08-01 23:11:25.992000,-255,-255,-66,-255,50.0000,50.0000,4.0801,50.0000
7,3,1,2021-08-01 23:11:25.992000,-88,-255,-75,-255,22.0800,50.0000,8.1408,50.0000
7,3,1,2021-08-01 23:11:25.992000,-89,-255,-80,-255,23.8415,50.0000,11.9490,50.0000
7,3,1,2021-08-01 23:11:25.992000,-90,-255,-82,-255,25.7434,50.0000,13.9316,50.0000
7,3,1,2021-08-01 23:11:25.992000,-255,-255,-74,-255,50.0000,50.0000,7.5393,50.0000
7,3,1,2021-08-01 23:11:25.992000,-255,-255,-75,-255,50.0000,50.0000,8.1408,50.0000
7,3,1,2021-08-01 23:11:25.992000,-255,-255,-78,-255,50.0000,50.0000,10.2487,50.0000
7,3,1,2021-08-01 23:11:25.992000,-255,-255,-81,-255,50.0000,50.0000,12.9023,50.0000
7,2,1,2021-08-01 23:12:25.992000,-89,-88,-255,-255,23.8415,22.0800,50.0000,50.0000
7,2,1,2021-08-01 23:12:25.992000,-90,-90,-255,-255,25.7434,25.7434,50.0000,50.0000
7,2,1,2021-08-01 23:12:25.992000,-92,-87,-255,-255,30.0147,20.4487,50.0000,50.0000
7,2,1,2021-08-01 23:12:25.992000,-88,-92,-255,-255,22.0800,30.0147,50.0000,50.0000
7,2,1,2021-08-01 23:12:25.992000,-87,-80,-255,-255,20.4487,11.9490,50.0000,50.0000
7,1,1,2021-08-01 23:13:25.992000,-255,-255,-83,-255,50.0000,50.0000,15.0430,50.0000
7,1,1,2021-08-01 23:13:25.992000,-255,-255,-82,-255,50.0000,50.0000,13.9316,50.0000
7,1,1,2021-08-01 23:13:25.992000,-255,-255,-86,-255,50.0000,50.0000,18.9380,50.0000
7,1,1,2021-08-01 23:13:25.992000,-255,-255,-75,-255,50.0000,50.0000,8.1408,50.0000
7,1,1,2021-08-01 23:13:25.992000,-255,-255,-92,-255,50.0000,50.0000,30.0147,50.0000
7,1,1,2021-08-01 23:13:25.992000,-255,-255,-78,-255,50.0000,50.0000,10.2487,50.0000
7,1,1,2021-08-01 23:13:25.992000,-255,-255,-76,-255,50.0000,50.0000,8.7902,50.0000
7,1,1,2021-08-01 23:14:25.992000,-91,-87,-80,-255,27.7971,20.4487,11.9490,50.0000
7,1,1,2021-08-01 23:14:25.992000,-91,-86,-90,-255,27.7971,18.9380,25.7434,50.0000
7,1,1,2021-08-01 23:14:25.992000,-90,-255,-77,-255,25.7434,50.0000,9.4915,50.0000
7,1,1,2021-08-01 23:14:25.992000,-255,-255,-77,-255,50.0000,50.0000,9.4915,50.0000
7,1,1,2021-08-01 23:14:25.992000,-255,-255,-74,-255,50.0000,50.0000,7.5393,50.0000
7,1,1,2021-08-01 23:15:25.992000,-89,-94,-255,-255,23.8415,34.9945,50.0000,50.0000
7,1,1,2021-08-01 23:15:25.992000,-87,-87,-255,-255,20.4487,20.4487,50.0000,50.0000
7,1,1,2021-08-01 23:15:25.992000,-94,-88,-255,-255,34.9945,22.0800,50.0000,50.0000
7,1,1,2021-08-01 23:15:25.992000,-90,-255,-255,-255,25.7434,50.0000,50.0000,50.0000
7,1,1,2021-08-01 23:16:25.992000,-93,-91,-255,-255,32.4091,27.7971,50.0000,50.0000
7,1,1,2021-08-01 23:16:25.992000,-87,-97,-255,-255,20.4487,44.0555,50.0000,50.0000
7,1,1,2021-08-01 23:16:25.992000,-94,-89,-255,-255,34.9945,23.8415,50.0000,50.0000
7,1,1,2021-08-01 23:17:25.992000,-93,-88,-77,-255,32.4091,22.0800,9.4915,50.0000
7,1,1,2021-08-01 23:17:25.992000,-89,-93,-77,-255,23.8415,32.4091,9.4915,50.0000
7,1,1,2021-08-01 23:17:25.992000,-93,-88,-77,-255,32.4091,22.0800,9.4915,50.0000
7,1,1,2021-08-01 23:17:25.992000,-88,-255,-87,-255,22.0800,50.0000,20.4487,50.0000
7,1,1,2021-08-01 23:17:25.992000,-255,-255,-78,-255,50.0000,50.0000,10.2487,50.0000
7,1,1,2021-08-01 23:18:25.992000,-91,-87,-255,-255,27.7971,20.4487,50.0000,50.0000
7,1,1,2021-08-01 23:18:25.992000,-88,-96,-255,-255,22.0800,40.8006,50.0000,50.0000
7,1,1,2021-08-01 23:18:25.992000,-92,-255,-255,-255,30.0147,50.0000,50.0000,50.0000
7,1,1,2021-08-01 23:18:25.992000,-91,-255,-255,-255,27.7971,50.0000,50.0000,50.0000
0,2,1,2021-08-01 23:19:25.992000,-255,-255,-63,-255,50.0000,50.0000,3.2409,50.0000
0,2,1,2021-08-01 23:19:25.992000,-255,-255,-64,-255,50.0000,50.0000,3.4995,50.0000
0,2,1,2021-08-01 23:19:25.992000,-255,-255,-64,-255,50.0000,50.0000,3.4995,50.0000
0,2,1,2021-08-01 23:19:25.992000,-255,-255,-63,-255,50.0000,50.0000,3.2409,50.0000
0,2,1,2021-08-01 23:19:25.992000,-255,-255,-85,-255,50.0000,50.0000,17.5388,50.0000
0,2,1,2021-08-01 23:19:25.992000,-255,-255,-78,-255,50.0000,50.0000,10.2487,50.0000
0,2,1,2021-08-01 23:19:25.992000,-255,-255,-64,-255,50.0000,50.0000,3.4995,50.0000
0,2,1,2021-08-01 23:19:25.992000,-255,-255,-69,-255,50.0000,50.0000,5.1365,50.0000
0,2,1,2021-08-01 23:20:25.992000,-81,-86,-62,-255,12.9023,18.9380,3.0015,50.0000
0,2,1,2021-08-01 23:20:25.992000,-81,-87,-63,-255,12.9023,20.4487,3.2409,50.0000
0,2,1,2021-08-01 23:20:25.992000,-255,-91,-64,-255,50.0000,27.7971,3.4995,50.0000
0,2,1,2021-08-01 23:20:25.992000,-255,-255,-63,-255,50.0000,50.0000,3.2409,50.0000
0,2,1,2021-08-01 23:20:25.992000,-255,-255,-64,-255,50.0000,50.0000,3.4995,50.0000
0,2,1,2021-08-01 23:20:25.992000,-255,-255,-78,-255,50.0000,50.0000,10.2487,50.0000
0,2,1,2021-08-01 23:20:25.992000,-88,-79,-69,-255,22.0800,11.0662,5.1365,50.0000
0,2,1,2021-08-01 23:20:25.992000,-80,-77,-69,-255,11.9490,9.4915,5.1365,50.0000
0,2,1,2021-08-01 23:20:25.992000,-80,-79,-72,-255,11.9490,11.0662,6.4665,50.0000
0,2,1,2021-08-01 23:20:25.992000,-85,-79,-82,-255,17.5388,11.0662,13.9316,50.0000
0,2,1,2021-08-01 23:20:25.992000,-255,-80,-255,-255,50.0000,11.9490,50.0000,50.0000
0,2,1,2021-08-01 23:20:25.992000,-255,-77,-255,-255,50.0000,9.4915,50.0000,50.0000
0,2,1,2021-08-01 23:20:25.992000,-255,-80,-255,-255,50.0000,11.9490,50.0000,50.0000
0,2,1,2021-08-01 23:21:25.992000,-87,-89,-64,-255,20.4487,23.8415,3.4995,50.0000
0,2,1,2021-08-01 23:21:25.992000,-82,-86,-64,-255,13.9316,18.9380,3.4995,50.0000
0,2,1,2021-08-01 23:21:25.992000,-255,-91,-63,-255,50.0000,27.7971,3.2409,50.0000
0,2,1,2021-08-01 23:21:25.992000,-255,-83,-63,-255,50.0000,15.0430,3.2409,50.0000
0,2,1,2021-08-01 23:21:25.992000,-255,-87,-255,-255,50.0000,20.4487,50.0000,50.0000
0,2,1,2021-08-01 23:21:25.992000,-85,-82,-82,-255,17.5388,13.9316,13.9316,50.0000
0,2,1,2021-08-01 23:21:25.992000,-79,-81,-69,-255,11.0662,12.9023,5.1365,50.0000
0,2,1,2021-08-01 23:21:25.992000,-86,-79,-83,-255,18.9380,11.0662,15.0430,50.0000
0,2,1,2021-08-01 23:21:25.992000,-86,-81,-73,-255,18.9380,12.9023,6.9823,50.0000
0,2,1,2021-08-01 23:21:25.992000,-255,-78,-69,-255,50.0000,10.2487,5.1365,50.0000
0,2,1,2021-08-01 23:21:25.992000,-255,-78,-73,-255,50.0000,10.2487,6.9823,50.0000
0,2,1,2021-08-01 23:22:25.992000,-90,-87,-64,-255,25.7434,20.4487,3.4995,50.0000
0,2,1,2021-08-01 23:22:25.992000,-80,-92,-63,-255,11.9490,30.0147,3.2409,50.0000
0,2,1,2021-08-01 23:22:25.992000,-94,-84,-63,-255,34.9945,16.2430,3.2409,50.0000
0,2,1,2021-08-01 23:22:25.992000,-84,-255,-63,-255,16.2430,50.0000,3.2409,50.0000
0,2,1,2021-08-01 23:22:25.992000,-90,-255,-255,-255,25.7434,50.0000,50.0000,50.0000
0,2,1,2021-08-01 23:22:25.992000,-80,-76,-83,-255,11.9490,8.7902,15.0430,50.0000
0,2,1,2021-08-01 23:22:25.992000,-84,-80,-69,-255,16.2430,11.9490,5.1365,50.0000
0,2,1,2021-08-01 23:22:25.992000,-81,-77,-76,-255,12.9023,9.4915,8.7902,50.0000
0,2,1,2021-08-01 23:22:25.992000,-85,-255,-69,-255,17.5388,50.0000,5.1365,50.0000
0,2,1,2021-08-01 23:22:25.992000,-81,-255,-72,-255,12.9023,50.0000,6.4665,50.0000
0,2,1,2021-08-01 23:22:25.992000,-255,-255,-82,-255,50.0000,50.0000,13.9316,50.0000
0,3,1,2021-08-01 23:23:25.992000,-87,-79,-69,-255,20.4487,11.0662,5.1365,50.0000
0,3,1,2021-08-01 23:23:25.992000,-82,-80,-81,-255,13.9316,11.9490,12.9023,50.0000
0,3,1,2021-08-01 23:23:25.992000,-81,-80,-75,-255,12.9023,11.9490,8.1408,50.0000
0,3,1,2021-08-01 23:23:25.992000,-86,-77,-70,-255,18.9380,9.4915,5.5463,50.0000
0,3,1,2021-08-01 23:23:25.992000,-255,-79,-73,-255,50.0000,11.0662,6.9823,50.0000
0,3,1,2021-08-01 23:23:25.992000,-255,-255,-69,-255,50.0000,50.0000,5.1365,50.0000
0,3,1,2021-08-01 23:23:25.992000,-90,-87,-78,-255,25.7434,20.4487,10.2487,50.0000
0,3,1,2021-08-01 23:23:25.992000,-88,-91,-63,-255,22.0800,27.7971,3.2409,50.0000
0,3,1,2021-08-01 23:23:25.992000,-89,-86,-65,-255,23.8415,18.9380,3.7786,50.0000
0,3,1,2021-08-01 23:23:25.992000,-81,-89,-63,-255,12.9023,23.8415,3.2409,50.0000
0,3,1,2021-08-01 23:23:25.992000,-88,-83,-62,-255,22.0800,15.0430,3.0015,50.0000
0,2,1,2021-08-01 23:24:25.992000,-255,-91,-255,-255,50.0000,27.7971,50.0000,50.0000
0,2,1,2021-08-01 23:24:25.992000,-255,-89,-255,-255,50.0000,23.8415,50.0000,50.0000
0,2,1,2021-08-01 23:24:25.992000,-255,-86,-255,-255,50.0000,18.9380,50.0000,50.0000
0,2,1,2021-08-01 23:24:25.992000,-255,-80,-255,-255,50.0000,11.9490,50.0000,50.0000
0,2,1,2021-08-01 23:24:25.992000,-255,-78,-255,-255,50.0000,10.2487,50.0000,50.0000
0,2,1,2021-08-01 23:24:25.992000,-255,-80,-255,-255,50.0000,11.9490,50.0000,50.0000
0,2,1,2021-08-01 23:24:25.992000,-255,-81,-255,-255,50.0000,12.9023,50.0000,50.0000
0,2,1,2021-08-01 23:24:25.992000,-255,-80,-255,-255,50.0000,11.9490,50.0000,50.0000
0,2,1,2021-08-01 23:24:25.992000,-255,-79,-255,-255,50.0000,11.0662,50.0000,50.0000
0,4,1,2021-08-01 23:26:25.992000,-89,-89,-79,-255,23.8415,23.8415,11.0662,50.0000
0,4,1,2021-08-01 23:26:25.992000,-77,-75,-79,-255,9.4915,8.1408,11.0662,50.0000
0,4,1,2021-08-01 23:26:25.992000,-83,-67,-77,-255,15.0430,4.4055,9.4915,50.0000
0,4,1,2021-08-01 23:26:25.992000,-71,-75,-78,-255,5.9887,8.1408,10.2487,50.0000
0,4,1,2021-08-01 23:26:25.992000,-71,-255,-76,-255,5.9887,50.0000,8.7902,50.0000
0,4,1,2021-08-01 23:26:25.992000,-75,-83,-93,-255,8.1408,15.0430,32.4091,50.0000
0,4,1,2021-08-01 23:26:25.992000,-79,-83,-85,-255,11.0662,15.0430,17.5388,50.0000
0,4,1,2021-08-01 23:26:25.992000,-79,-82,-93,-255,11.0662,13.9316,32.4091,50.0000
0,4,1,2021-08-01 23:26:25.992000,-76,-83,-255,-255,8.7902,15.0430,50.0000,50.0000
0,4,1,2021-08-01 23:26:25.992000,-77,-77,-255,-255,9.4915,9.4915,50.0000,50.0000
0,4,1,2021-08-01 23:27:25.992000,-88,-68,-77,-255,22.0800,4.7570,9.4915,50.0000
0,4,1,2021-08-01 23:27:25.992000,-76,-75,-79,-255,8.7902,8.1408,11.0662,50.0000
0,4,1,2021-08-01 23:27:25.992000,-255,-68,-76,-255,50.0000,4.7570,8.7902,50.0000
0,4,1,2021-08-01 23:27:25.992000,-255,-77,-81,-255,50.0000,9.4915,12.9023,50.0000
0,4,1,2021-08-01 23:27:25.992000,-255,-255,-79,-255,50.0000,50.0000,11.0662,50.0000
0,4,1,2021-08-01 23:27:25.992000,-77,-78,-89,-255,9.4915,10.2487,23.8415,50.0000
0,4,1,2021-08-01 23:27:25.992000,-77,-82,-87,-255,9.4915,13.9316,20.4487,50.0000
0,4,1,2021-08-01 23:27:25.992000,-79,-83,-91,-255,11.0662,15.0430,27.7971,50.0000
0,4,1,2021-08-01 23:27:25.992000,-80,-78,-255,-255,11.9490,10.2487,50.0000,50.0000
0,4,1,2021-08-01 23:27:25.992000,-82,-255,-255,-255,13.9316,50.0000,50.0000,50.0000
0,4,1,2021-08-01 23:28:25.992000,-72,-75,-75,-255,6.4665,8.1408,8.1408,50.0000
0,4,1,2021-08-01 23:28:25.992000,-76,-69,-81,-255,8.7902,5.1365,12.9023,50.0000
0,4,1,2021-08-01 23:28:25.992000,-71,-76,-81,-255,5.9887,8.7902,12.9023,50.0000
0,4,1,2021-08-01 23:28:25.992000,-78,-76,-255,-255,10.2487,8.7902,50.0000,50.0000
0,4,1,2021-08-01 23:28:25.992000,-255,-76,-255,-255,50.0000,8.7902,50.0000,50.0000
0,4,1,2021-08-01 23:28:25.992000,-78,-82,-91,-255,10.2487,13.9316,27.7971,50.0000
0,4,1,2021-08-01 23:28:25.992000,-78,-82,-95,-255,10.2487,13.9316,37.7862,50.0000
0,4,1,2021-08-01 23:28:25.992000,-78,-79,-88,-255,10.2487,11.0662,22.0800,50.0000
0,4,1,2021-08-01 23:28:25.992000,-75,-81,-255,-255,8.1408,12.9023,50.0000,50.0000
0,4,1,2021-08-01 23:28:25.992000,-78,-81,-255,-255,10.2487,12.9023,50.0000,50.0000
0,4,1,2021-08-01 23:29:25.992000,-85,-76,-86,-255,17.5388,8.7902,18.9380,50.0000
0,4,1,2021-08-01 23:29:25.992000,-77,-74,-85,-255,9.4915,7.5393,17.5388,50.0000
0,4,1,2021-08-01 23:29:25.992000,-71,-98,-81,-255,5.9887,47.5700,12.9023,50.0000
0,4,1,2021-08-01 23:29:25.992000,-86,-77,-80,-255,18.9380,9.4915,11.9490,50.0000
0,4,1,2021-08-01 23:29:25.992000,-71,-66,-255,-255,5.9887,4.0801,50.0000,50.0000
0,4,1,2021-08-01 23:29:25.992000,-79,-77,-87,-255,11.0662,9.4915,20.4487,50.0000
0,4,1,2021-08-01 23:29:25.992000,-78,-81,-94,-255,10.2487,12.9023,34.9945,50.0000
0,4,1,2021-08-01 23:29:25.992000,-79,-86,-90,-255,11.0662,18.9380,25.7434,50.0000
0,4,1,2021-08-01 23:29:25.992000,-77,-81,-93,-255,9.4915,12.9023,32.4091,50.0000
0,4,1,2021-08-01 23:29:25.992000,-255,-78,-93,-255,50.0000,10.2487,32.4091,50.0000
0,4,1,2021-08-01 23:29:25.992000,-255,-81,-255,-255,50.0000,12.9023,50.0000,50.0000
0,4,1,2021-08-01 23:30:25.992000,-71,-76,-80,-255,5.9887,8.7902,11.9490,50.0000
0,4,1,2021-08-01 23:30:25.992000,-76,-68,-88,-255,8.7902,4.7570,22.0800,50.0000
0,4,1,2021-08-01 23:30:25.992000,-71,-77,-75,-255,5.9887,9.4915,8.1408,50.0000
0,4,1,2021-08-01 23:30:25.992000,-77,-74,-255,-255,9.4915,7.5393,50.0000,50.0000
0,4,1,2021-08-01 23:30:25.992000,-84,-68,-255,-255,16.2430,4.7570,50.0000,50.0000
0,4,1,2021-08-01 23:30:25.992000,-75,-83,-88,-255,8.1408,15.0430,22.0800,50.0000
0,4,1,2021-08-01 23:30:25.992000,-78,-82,-94,-255,10.2487,13.9316,34.9945,50.0000
0,4,1,2021-08-01 23:30:25.992000,-80,-78,-87,-255,11.9490,10.2487,20.4487,50.0000
0,4,1,2021-08-01 23:30:25.992000,-75,-81,-88,-255,8.1408,12.9023,22.0800,50.0000
0,4,1,2021-08-01 23:30:25.992000,-79,-78,-255,-255,11.0662,10.2487,50.0000,50.0000
0,4,1,2021-08-01 23:30:25.992000,-78,-77,-255,-255,10.2487,9.4915,50.0000,50.0000
0,7,1,2021-08-01 23:32:25.992000,-255,-76,-86,-255,50.0000,8.7902,18.9380,50.0000
0,7,1,2021-08-01 23:32:25.992000,-255,-71,-85,-255,50.0000,5.9887,17.5388,50.0000
0,7,1,2021-08-01 23:32:25.992000,-255,-71,-88,-255,50.0000,5.9887,22.0800,50.0000
0,7,1,2021-08-01 23:32:25.992000,-255,-72,-89,-255,50.0000,6.4665,23.8415,50.0000
0,7,1,2021-08-01 23:32:25.992000,-255,-77,-88,-255,50.0000,9.4915,22.0800,50.0000
0,7,1,2021-08-01 23:32:25.992000,-255,-76,-255,-255,50.0000,8.7902,50.0000,50.0000
0,7,1,2021-08-01 23:32:25.992000,-255,-72,-255,-255,50.0000,6.4665,50.0000,50.0000
0,7,1,2021-08-01 23:32:25.992000,-255,-73,-84,-255,50.0000,6.9823,16.2430,50.0000
0,7,1,2021-08-01 23:32:25.992000,-255,-71,-87,-255,50.0000,5.9887,20.4487,50.0000
0,7,1,2021-08-01 23:32:25.992000,-255,-70,-87,-255,50.0000,5.5463,20.4487,50.0000
0,7,1,2021-08-01 23:32:25.992000,-255,-255,-87,-255,50.0000,50.0000,20.4487,50.0000
0,6,1,2021-08-01 23:33:25.992000,-67,-72,-84,-255,4.4055,6.4665,16.2430,50.0000
0,6,1,2021-08-01 23:33:25.992000,-77,-72,-85,-255,9.4915,6.4665,17.5388,50.0000
0,6,1,2021-08-01 23:33:25.992000,-66,-71,-84,-255,4.0801,5.9887,16.2430,50.0000
0,6,1,2021-08-01 23:33:25.992000,-66,-72,-255,-255,4.0801,6.4665,50.0000,50.0000
0,6,1,2021-08-01 23:33:25.992000,-255,-70,-255,-255,50.0000,5.5463,50.0000,50.0000
0,6,1,2021-08-01 23:33:25.992000,-71,-73,-87,-255,5.9887,6.9823,20.4487,50.0000
0,6,1,2021-08-01 23:33:25.992000,-67,-76,-83,-255,4.4055,8.7902,15.0430,50.0000
0,6,1,2021-08-01 23:33:25.992000,-68,-71,-87,-255,4.7570,5.9887,20.4487,50.0000
0,6,1,2021-08-01 23:33:25.992000,-74,-255,-87,-255,7.5393,50.0000,20.4487,50.0000
0,6,1,2021-08-01 23:33:25.992000,-255,-255,-87,-255,50.0000,50.0000,20.4487,50.0000
0,6,1,2021-08-01 23:34:25.992000,-66,-75,-84,-255,4.0801,8.1408,16.2430,50.0000
0,6,1,2021-08-01 23:34:25.992000,-67,-71,-86,-255,4.4055,5.9887,18.9380,50.0000
0,6,1,2021-08-01 23:34:25.992000,-66,-72,-85,-255,4.0801,6.4665,17.5388,50.0000
0,6,1,2021-08-01 23:34:25.992000,-76,-71,-255,-255,8.7902,5.9887,50.0000,50.0000
0,6,1,2021-08-01 23:34:25.992000,-67,-255,-255,-255,4.4055,50.0000,50.0000,50.0000
0,6,1,2021-08-01 23:34:25.992000,-67,-255,-255,-255,4.4055,50.0000,50.0000,50.0000
0,6,1,2021-08-01 23:34:25.992000,-74,-72,-86,-255,7.5393,6.4665,18.9380,50.0000
0,6,1,2021-08-01 23:34:25.992000,-71,-71,-87,-255,5.9887,5.9887,20.4487,50.0000
0,6,1,2021-08-01 23:34:25.992000,-71,-77,-87,-255,5.9887,9.4915,20.4487,50.0000
0,6,1,2021-08-01 23:34:25.992000,-74,-73,-255,-255,7.5393,6.9823,50.0000,50.0000
0,6,1,2021-08-01 23:34:25.992000,-67,-71,-255,-255,4.4055,5.9887,50.0000,50.0000
0,6,1,2021-08-01 23:34:25.992000,-68,-255,-255,-255,4.7570,50.0000,50.0000,50.0000
0,6,1,2021-08-01 23:34:25.992000,-71,-255,-255,-255,5.9887,50.0000,50.0000,50.0000
0,6,1,2021-08-01 23:34:25.992000,-68,-255,-255,-255,4.7570,50.0000,50.0000,50.0000
0,6,1,2021-08-01 23:35:25.992000,-68,-70,-83,-255,4.7570,5.5463,15.0430,50.0000
0,6,1,2021-08-01 23:35:25.992000,-75,-70,-87,-255,8.1408,5.5463,20.4487,50.0000
0,6,1,2021-08-01 23:35:25.992000,-89,-74,-84,-255,23.8415,7.5393,16.2430,50.0000
0,6,1,2021-08-01 23:35:25.992000,-66,-74,-86,-255,4.0801,7.5393,18.9380,50.0000
0,6,1,2021-08-01 23:35:25.992000,-66,-73,-255,-255,4.0801,6.9823,50.0000,50.0000
0,6,1,2021-08-01 23:35:25.992000,-76,-255,-255,-255,8.7902,50.0000,50.0000,50.0000
0,6,1,2021-08-01 23:35:25.992000,-66,-255,-255,-255,4.0801,50.0000,50.0000,50.0000
0,6,1,2021-08-01 23:35:25.992000,-65,-70,-86,-255,3.7786,5.5463,18.9380,50.0000
0,6,1,2021-08-01 23:35:25.992000,-65,-78,-87,-255,3.7786,10.2487,20.4487,50.0000
0,6,1,2021-08-01 23:35:25.992000,-83,-70,-86,-255,15.0430,5.5463,18.9380,50.0000
0,6,1,2021-08-01 23:35:25.992000,-65,-255,-255,-255,3.7786,50.0000,50.0000,50.0000
0,6,1,2021-08-01 23:35:25.992000,-72,-255,-255,-255,6.4665,50.0000,50.0000,50.0000
0,6,1,2021-08-01 23:36:25.992000,-67,-255,-255,-255,4.4055,50.0000,50.0000,50.0000
0,6,1,2021-08-01 23:36:25.992000,-75,-255,-255,-255,8.1408,50.0000,50.0000,50.0000
0,6,1,2021-08-01 23:36:25.992000,-66,-255,-255,-255,4.0801,50.0000,50.0000,50.0000
0,6,1,2021-08-01 23:36:25.992000,-67,-255,-255,-255,4.4055,50.0000,50.0000,50.0000
0,6,1,2021-08-01 23:36:25.992000,-76,-255,-255,-255,8.7902,50.0000,50.0000,50.0000
0,6,1,2021-08-01 23:36:25.992000,-66,-255,-255,-255,4.0801,50.0000,50.0000,50.0000
0,6,1,2021-08-01 23:36:25.992000,-75,-255,-255,-255,8.1408,50.0000,50.0000,50.0000
0,6,1,2021-08-01 23:36:25.992000,-72,-255,-255,-255,6.4665,50.0000,50.0000,50.0000
0,6,1,2021-08-01 23:36:25.992000,-74,-255,-255,-255,7.5393,50.0000,50.0000,50.0000
0,6,1,2021-08-01 23:36:25.992000,-72,-255,-255,-255,6.4665,50.0000,50.0000,50.0000
0,6,1,2021-08-01 23:36:25.992000,-71,-255,-255,-255,5.9887,50.0000,50.0000,50.0000
0,6,1,2021-08-01 23:36:25.992000,-68,-255,-255,-255,4.7570,50.0000,50.0000,50.0000
0,6,1,2021-08-01 23:36:25.992000,-74,-255,-255,-255,7.5393,50.0000,50.0000,50.0000
