x,y,z,date,scanner1,scanner2,scanner3,dist1,dist2,dist3
2,7,1,2021-08-01 22:18:53.308000,-255,-255,-81,50.0000,50.0000,12.9023
2,7,1,2021-08-01 22:18:53.308000,-255,-255,-87,50.0000,50.0000,20.4487
2,7,1,2021-08-01 22:18:53.308000,-255,-255,-82,50.0000,50.0000,13.9316
2,7,1,2021-08-01 22:18:53.308000,-255,-255,-87,50.0000,50.0000,20.4487
2,7,1,2021-08-01 22:18:53.308000,-255,-255,-82,50.0000,50.0000,13.9316
2,7,1,2021-08-01 22:18:53.308000,-255,-255,-88,50.0000,50.0000,22.0800
2,7,1,2021-08-01 22:18:53.308000,-255,-255,-85,50.0000,50.0000,17.5388
2,7,1,2021-08-01 22:20:53.308000,-75,-255,-87,8.1408,50.0000,20.4487
2,7,1,2021-08-01 22:20:53.308000,-76,-255,-88,8.7902,50.0000,22.0800
2,7,1,2021-08-01 22:20:53.308000,-74,-255,-255,7.5393,50.0000,50.0000
2,7,1,2021-08-01 22:20:53.308000,-76,-255,-255,8.7902,50.0000,50.0000
2,7,1,2021-08-01 22:20:53.308000,-75,-255,-255,8.1408,50.0000,50.0000
2,7,1,2021-08-01 22:20:53.308000,-77,-255,-255,9.4915,50.0000,50.0000
2,7,1,2021-08-01 22:20:53.308000,-76,-255,-255,8.7902,50.0000,50.0000
2,7,1,2021-08-01 22:20:53.308000,-70,-255,-85,5.5463,50.0000,17.5388
2,7,1,2021-08-01 22:20:53.308000,-65,-255,-87,3.7786,50.0000,20.4487
2,7,1,2021-08-01 22:20:53.308000,-68,-255,-255,4.7570,50.0000,50.0000
2,7,1,2021-08-01 22:20:53.308000,-65,-255,-255,3.7786,50.0000,50.0000
2,7,1,2021-08-01 22:20:53.308000,-69,-255,-255,5.1365,50.0000,50.0000
3,7,1,2021-08-01 22:10:53.308000,-86,-90,-255,18.9380,25.7434,50.0000
3,7,1,2021-08-01 22:10:53.308000,-87,-92,-255,20.4487,30.0147,50.0000
3,7,1,2021-08-01 22:10:53.308000,-255,-94,-255,50.0000,34.9945,50.0000
3,7,1,2021-08-01 22:10:53.308000,-255,-92,-255,50.0000,30.0147,50.0000
3,7,1,2021-08-01 22:10:53.308000,-80,-87,-255,11.9490,20.4487,50.0000
3,7,1,2021-08-01 22:10:53.308000,-88,-92,-255,22.0800,30.0147,50.0000
3,7,1,2021-08-01 22:10:53.308000,-72,-86,-255,6.4665,18.9380,50.0000
3,7,1,2021-08-01 22:10:53.308000,-79,-255,-255,11.0662,50.0000,50.0000
3,7,1,2021-08-01 22:12:53.308000,-85,-90,-94,17.5388,25.7434,34.9945
3,7,1,2021-08-01 22:12:53.308000,-91,-92,-93,27.7971,30.0147,32.4091
3,7,1,2021-08-01 22:12:53.308000,-86,-91,-92,18.9380,27.7971,30.0147
3,7,1,2021-08-01 22:12:53.308000,-255,-92,-94,50.0000,30.0147,34.9945
3,7,1,2021-08-01 22:12:53.308000,-255,-91,-96,50.0000,27.7971,40.8006
3,7,1,2021-08-01 22:12:53.308000,-255,-89,-255,50.0000,23.8415,50.0000
3,7,1,2021-08-01 22:12:53.308000,-81,-95,-97,12.9023,37.7862,44.0555
3,7,1,2021-08-01 22:12:53.308000,-72,-87,-255,6.4665,20.4487,50.0000
3,7,1,2021-08-01 22:12:53.308000,-73,-255,-255,6.9823,50.0000,50.0000
3,7,1,2021-08-01 22:12:53.308000,-73,-255,-255,6.9823,50.0000,50.0000
3,6,1,2021-08-01 21:56:53.308000,-83,-87,-255,15.0430,20.4487,50.0000
3,6,1,2021-08-01 21:56:53.308000,-83,-86,-255,15.0430,18.9380,50.0000
3,6,1,2021-08-01 21:56:53.308000,-83,-86,-255,15.0430,18.9380,50.0000
3,6,1,2021-08-01 21:56:53.308000,-84,-255,-255,16.2430,50.0000,50.0000
3,6,1,2021-08-01 21:56:53.308000,-83,-255,-255,15.0430,50.0000,50.0000
3,6,1,2021-08-01 21:56:53.308000,-83,-255,-255,15.0430,50.0000,50.0000
3,6,1,2021-08-01 21:56:53.308000,-78,-88,-255,10.2487,22.0800,50.0000
3,6,1,2021-08-01 21:56:53.308000,-78,-92,-255,10.2487,30.0147,50.0000
3,6,1,2021-08-01 21:56:53.308000,-78,-90,-255,10.2487,25.7434,50.0000
3,6,1,2021-08-01 21:56:53.308000,-79,-255,-255,11.0662,50.0000,50.0000
3,6,1,2021-08-01 21:56:53.308000,-82,-255,-255,13.9316,50.0000,50.0000
3,6,1,2021-08-01 21:57:53.308000,-83,-85,-86,15.0430,17.5388,18.9380
3,6,1,2021-08-01 21:57:53.308000,-83,-87,-88,15.0430,20.4487,22.0800
3,6,1,2021-08-01 21:57:53.308000,-255,-88,-90,50.0000,22.0800,25.7434
3,6,1,2021-08-01 21:57:53.308000,-255,-85,-255,50.0000,17.5388,50.0000
3,6,1,2021-08-01 21:57:53.308000,-77,-93,-87,9.4915,32.4091,20.4487
3,6,1,2021-08-01 21:57:53.308000,-81,-85,-89,12.9023,17.5388,23.8415
3,6,1,2021-08-01 21:57:53.308000,-78,-82,-92,10.2487,13.9316,30.0147
3,6,1,2021-08-01 21:57:53.308000,-79,-90,-87,11.0662,25.7434,20.4487
3,6,1,2021-08-01 21:57:53.308000,-78,-85,-255,10.2487,17.5388,50.0000
3,6,1,2021-08-01 21:57:53.308000,-82,-90,-255,13.9316,25.7434,50.0000
3,6,1,2021-08-01 21:57:53.308000,-83,-255,-255,15.0430,50.0000,50.0000
3,6,1,2021-08-01 21:57:53.308000,-79,-255,-255,11.0662,50.0000,50.0000
3,6,1,2021-08-01 21:59:53.308000,-84,-85,-88,16.2430,17.5388,22.0800
3,6,1,2021-08-01 21:59:53.308000,-83,-85,-92,15.0430,17.5388,30.0147
3,6,1,2021-08-01 21:59:53.308000,-255,-85,-89,50.0000,17.5388,23.8415
3,6,1,2021-08-01 21:59:53.308000,-255,-255,-91,50.0000,50.0000,27.7971
3,6,1,2021-08-01 21:59:53.308000,-255,-255,-92,50.0000,50.0000,30.0147
3,6,1,2021-08-01 21:59:53.308000,-78,-87,-92,10.2487,20.4487,30.0147
3,6,1,2021-08-01 21:59:53.308000,-79,-88,-90,11.0662,22.0800,25.7434
3,6,1,2021-08-01 21:59:53.308000,-81,-83,-92,12.9023,15.0430,30.0147
3,6,1,2021-08-01 21:59:53.308000,-78,-93,-255,10.2487,32.4091,50.0000
3,6,1,2021-08-01 21:59:53.308000,-78,-87,-255,10.2487,20.4487,50.0000
3,6,1,2021-08-01 21:59:53.308000,-255,-90,-255,50.0000,25.7434,50.0000
3,6,1,2021-08-01 22:01:53.308000,-255,-255,-92,50.0000,50.0000,30.0147
3,6,1,2021-08-01 22:01:53.308000,-255,-255,-91,50.0000,50.0000,27.7971
3,6,1,2021-08-01 22:01:53.308000,-255,-255,-92,50.0000,50.0000,30.0147
3,6,1,2021-08-01 22:01:53.308000,-255,-255,-90,50.0000,50.0000,25.7434
3,6,1,2021-08-01 22:01:53.308000,-255,-255,-91,50.0000,50.0000,27.7971
4,6,1,2021-08-01 21:58:53.308000,-82,-90,-92,13.9316,25.7434,30.0147
4,6,1,2021-08-01 21:58:53.308000,-78,-84,-90,10.2487,16.2430,25.7434
4,6,1,2021-08-01 21:58:53.308000,-79,-89,-91,11.0662,23.8415,27.7971
4,6,1,2021-08-01 21:58:53.308000,-81,-87,-93,12.9023,20.4487,32.4091
4,6,1,2021-08-01 21:58:53.308000,-78,-92,-255,10.2487,30.0147,50.0000
4,6,1,2021-08-01 21:58:53.308000,-255,-85,-255,50.0000,17.5388,50.0000
4,6,1,2021-08-01 21:58:53.308000,-83,-85,-89,15.0430,17.5388,23.8415
4,6,1,2021-08-01 21:58:53.308000,-84,-88,-88,16.2430,22.0800,22.0800
4,6,1,2021-08-01 21:58:53.308000,-82,-255,-90,13.9316,50.0000,25.7434
4,6,1,2021-08-01 21:58:53.308000,-255,-255,-89,50.0000,50.0000,23.8415
4,6,1,2021-08-01 21:58:53.308000,-255,-255,-89,50.0000,50.0000,23.8415
4,6,1,2021-08-01 22:00:53.308000,-78,-84,-93,10.2487,16.2430,32.4091
4,6,1,2021-08-01 22:00:53.308000,-81,-92,-90,12.9023,30.0147,25.7434
4,6,1,2021-08-01 22:00:53.308000,-78,-255,-91,10.2487,50.0000,27.7971
4,6,1,2021-08-01 22:00:53.308000,-82,-255,-91,13.9316,50.0000,27.7971
4,6,1,2021-08-01 22:00:53.308000,-77,-255,-90,9.4915,50.0000,25.7434
4,6,1,2021-08-01 22:00:53.308000,-81,-255,-92,12.9023,50.0000,30.0147
4,6,1,2021-08-01 22:00:53.308000,-83,-85,-91,15.0430,17.5388,27.7971
4,6,1,2021-08-01 22:00:53.308000,-84,-88,-93,16.2430,22.0800,32.4091
4,6,1,2021-08-01 22:00:53.308000,-84,-255,-255,16.2430,50.0000,50.0000
4,6,1,2021-08-01 22:00:53.308000,-82,-255,-255,13.9316,50.0000,50.0000
4,6,1,2021-08-01 22:00:53.308000,-83,-255,-255,15.0430,50.0000,50.0000
4,5,1,2021-08-01 21:46:53.308000,-83,-83,-87,15.0430,15.0430,20.4487
4,5,1,2021-08-01 21:46:53.308000,-83,-84,-90,15.0430,16.2430,25.7434
4,5,1,2021-08-01 21:46:53.308000,-81,-83,-90,12.9023,15.0430,25.7434
4,5,1,2021-08-01 21:46:53.308000,-84,-255,-90,16.2430,50.0000,25.7434
4,5,1,2021-08-01 21:46:53.308000,-85,-255,-89,17.5388,50.0000,23.8415
4,5,1,2021-08-01 21:46:53.308000,-85,-255,-92,17.5388,50.0000,30.0147
4,5,1,2021-08-01 21:46:53.308000,-77,-85,-92,9.4915,17.5388,30.0147
4,5,1,2021-08-01 21:46:53.308000,-84,-78,-94,16.2430,10.2487,34.9945
4,5,1,2021-08-01 21:46:53.308000,-77,-88,-88,9.4915,22.0800,22.0800
4,5,1,2021-08-01 21:46:53.308000,-88,-85,-91,22.0800,17.5388,27.7971
4,5,1,2021-08-01 21:46:53.308000,-84,-78,-255,16.2430,10.2487,50.0000
4,5,1,2021-08-01 21:46:53.308000,-77,-85,-255,9.4915,17.5388,50.0000
4,5,1,2021-08-01 21:46:53.308000,-255,-78,-255,50.0000,10.2487,50.0000
4,5,1,2021-08-01 21:47:53.308000,-88,-81,-88,22.0800,12.9023,22.0800
4,5,1,2021-08-01 21:47:53.308000,-86,-82,-88,18.9380,13.9316,22.0800
4,5,1,2021-08-01 21:47:53.308000,-85,-82,-89,17.5388,13.9316,23.8415
4,5,1,2021-08-01 21:47:53.308000,-85,-81,-89,17.5388,12.9023,23.8415
4,5,1,2021-08-01 21:47:53.308000,-87,-81,-90,20.4487,12.9023,25.7434
4,5,1,2021-08-01 21:47:53.308000,-81,-83,-255,12.9023,15.0430,50.0000
4,5,1,2021-08-01 21:47:53.308000,-77,-87,-91,9.4915,20.4487,27.7971
4,5,1,2021-08-01 21:47:53.308000,-84,-81,-91,16.2430,12.9023,27.7971
4,5,1,2021-08-01 21:47:53.308000,-85,-87,-255,17.5388,20.4487,50.0000
4,5,1,2021-08-01 21:47:53.308000,-77,-83,-255,9.4915,15.0430,50.0000
4,5,1,2021-08-01 21:47:53.308000,-83,-84,-255,15.0430,16.2430,50.0000
4,5,1,2021-08-01 21:47:53.308000,-255,-77,-255,50.0000,9.4915,50.0000
4,5,1,2021-08-01 21:47:53.308000,-255,-83,-255,50.0000,15.0430,50.0000
7,3,1,2021-08-01 22:44:53.308000,-92,-255,-59,30.0147,50.0000,2.3841
7,3,1,2021-08-01 22:44:53.308000,-90,-255,-66,25.7434,50.0000,4.0801
7,3,1,2021-08-01 22:44:53.308000,-255,-255,-66,50.0000,50.0000,4.0801
7,3,1,2021-08-01 22:44:53.308000,-255,-255,-58,50.0000,50.0000,2.2080
7,3,1,2021-08-01 22:44:53.308000,-255,-255,-59,50.0000,50.0000,2.3841
7,3,1,2021-08-01 22:44:53.308000,-255,-255,-57,50.0000,50.0000,2.0449
7,3,1,2021-08-01 22:44:53.308000,-255,-255,-57,50.0000,50.0000,2.0449
7,3,1,2021-08-01 22:44:53.308000,-255,-255,-56,50.0000,50.0000,1.8938
7,3,1,2021-08-01 22:45:53.308000,-91,-255,-59,27.7971,50.0000,2.3841
7,3,1,2021-08-01 22:45:53.308000,-92,-255,-68,30.0147,50.0000,4.7570
7,3,1,2021-08-01 22:45:53.308000,-255,-255,-66,50.0000,50.0000,4.0801
7,3,1,2021-08-01 22:45:53.308000,-255,-255,-68,50.0000,50.0000,4.7570
7,3,1,2021-08-01 22:45:53.308000,-255,-255,-66,50.0000,50.0000,4.0801
7,3,1,2021-08-01 22:45:53.308000,-255,-255,-66,50.0000,50.0000,4.0801
7,3,1,2021-08-01 22:45:53.308000,-255,-255,-59,50.0000,50.0000,2.3841
7,3,1,2021-08-01 22:45:53.308000,-255,-255,-66,50.0000,50.0000,4.0801
7,3,1,2021-08-01 22:45:53.308000,-255,-255,-59,50.0000,50.0000,2.3841
7,3,1,2021-08-01 22:46:53.308000,-94,-255,-59,34.9945,50.0000,2.3841
7,3,1,2021-08-01 22:46:53.308000,-90,-255,-58,25.7434,50.0000,2.2080
7,3,1,2021-08-01 22:46:53.308000,-90,-255,-68,25.7434,50.0000,4.7570
7,3,1,2021-08-01 22:46:53.308000,-92,-255,-66,30.0147,50.0000,4.0801
7,3,1,2021-08-01 22:46:53.308000,-255,-255,-68,50.0000,50.0000,4.7570
7,3,1,2021-08-01 22:46:53.308000,-255,-255,-67,50.0000,50.0000,4.4055
7,3,1,2021-08-01 22:46:53.308000,-255,-255,-66,50.0000,50.0000,4.0801
7,3,1,2021-08-01 22:46:53.308000,-255,-255,-66,50.0000,50.0000,4.0801
7,3,1,2021-08-01 22:46:53.308000,-255,-255,-59,50.0000,50.0000,2.3841
7,3,1,2021-08-01 22:46:53.308000,-255,-255,-59,50.0000,50.0000,2.3841
7,3,1,2021-08-01 22:46:53.308000,-255,-255,-56,50.0000,50.0000,1.8938
7,3,1,2021-08-01 22:47:53.308000,-91,-255,-66,27.7971,50.0000,4.0801
7,3,1,2021-08-01 22:47:53.308000,-91,-255,-66,27.7971,50.0000,4.0801
7,3,1,2021-08-01 22:47:53.308000,-97,-255,-67,44.0555,50.0000,4.4055
7,3,1,2021-08-01 22:47:53.308000,-255,-255,-66,50.0000,50.0000,4.0801
7,3,1,2021-08-01 22:47:53.308000,-255,-255,-58,50.0000,50.0000,2.2080
7,3,1,2021-08-01 22:47:53.308000,-255,-255,-66,50.0000,50.0000,4.0801
7,3,1,2021-08-01 22:47:53.308000,-255,-255,-59,50.0000,50.0000,2.3841
7,3,1,2021-08-01 22:47:53.308000,-255,-255,-66,50.0000,50.0000,4.0801
7,3,1,2021-08-01 22:47:53.308000,-255,-255,-57,50.0000,50.0000,2.0449
7,3,1,2021-08-01 22:47:53.308000,-255,-255,-59,50.0000,50.0000,2.3841
7,3,1,2021-08-01 22:47:53.308000,-255,-255,-57,50.0000,50.0000,2.0449
7,3,1,2021-08-01 22:48:53.308000,-92,-255,-69,30.0147,50.0000,5.1365
7,3,1,2021-08-01 22:48:53.308000,-89,-255,-67,23.8415,50.0000,4.4055
7,3,1,2021-08-01 22:48:53.308000,-255,-255,-59,50.0000,50.0000,2.3841
7,3,1,2021-08-01 22:48:53.308000,-255,-255,-66,50.0000,50.0000,4.0801
7,3,1,2021-08-01 22:48:53.308000,-255,-255,-67,50.0000,50.0000,4.4055
7,3,1,2021-08-01 22:48:53.308000,-255,-255,-58,50.0000,50.0000,2.2080
7,3,1,2021-08-01 22:48:53.308000,-255,-255,-66,50.0000,50.0000,4.0801
7,3,1,2021-08-01 22:48:53.308000,-255,-255,-59,50.0000,50.0000,2.3841
7,3,1,2021-08-01 22:48:53.308000,-255,-255,-57,50.0000,50.0000,2.0449
7,3,1,2021-08-01 22:48:53.308000,-255,-255,-58,50.0000,50.0000,2.2080
7,1,1,2021-08-01 22:50:53.308000,-255,-255,-53,50.0000,50.0000,1.5043
7,1,1,2021-08-01 22:50:53.308000,-255,-255,-50,50.0000,50.0000,1.1949
7,1,1,2021-08-01 22:50:53.308000,-255,-255,-47,50.0000,50.0000,0.9491
7,1,1,2021-08-01 22:50:53.308000,-255,-255,-53,50.0000,50.0000,1.5043
7,1,1,2021-08-01 22:50:53.308000,-255,-255,-53,50.0000,50.0000,1.5043
7,1,1,2021-08-01 22:50:53.308000,-255,-255,-47,50.0000,50.0000,0.9491
7,1,1,2021-08-01 22:50:53.308000,-255,-255,-53,50.0000,50.0000,1.5043
7,1,1,2021-08-01 22:51:53.308000,-255,-255,-49,50.0000,50.0000,1.1066
7,1,1,2021-08-01 22:51:53.308000,-255,-255,-49,50.0000,50.0000,1.1066
7,1,1,2021-08-01 22:51:53.308000,-255,-255,-53,50.0000,50.0000,1.5043
7,1,1,2021-08-01 22:51:53.308000,-255,-255,-49,50.0000,50.0000,1.1066
7,1,1,2021-08-01 22:51:53.308000,-255,-255,-52,50.0000,50.0000,1.3932
7,1,1,2021-08-01 22:51:53.308000,-255,-255,-49,50.0000,50.0000,1.1066
7,1,1,2021-08-01 22:52:53.308000,-255,-255,-49,50.0000,50.0000,1.1066
7,1,1,2021-08-01 22:52:53.308000,-255,-255,-53,50.0000,50.0000,1.5043
7,1,1,2021-08-01 22:52:53.308000,-255,-255,-54,50.0000,50.0000,1.6243
7,1,1,2021-08-01 22:52:53.308000,-255,-255,-49,50.0000,50.0000,1.1066
7,1,1,2021-08-01 22:52:53.308000,-255,-255,-54,50.0000,50.0000,1.6243
7,1,1,2021-08-01 22:52:53.308000,-255,-255,-49,50.0000,50.0000,1.1066
7,1,1,2021-08-01 22:52:53.308000,-255,-255,-53,50.0000,50.0000,1.5043
7,1,1,2021-08-01 22:53:53.308000,-255,-255,-49,50.0000,50.0000,1.1066
7,1,1,2021-08-01 22:53:53.308000,-255,-255,-48,50.0000,50.0000,1.0249
7,1,1,2021-08-01 22:53:53.308000,-255,-255,-48,50.0000,50.0000,1.0249
7,1,1,2021-08-01 22:53:53.308000,-255,-255,-49,50.0000,50.0000,1.1066
7,1,1,2021-08-01 22:53:53.308000,-255,-255,-53,50.0000,50.0000,1.5043
7,1,1,2021-08-01 22:53:53.308000,-255,-255,-49,50.0000,50.0000,1.1066
7,1,1,2021-08-01 22:53:53.308000,-255,-255,-53,50.0000,50.0000,1.5043
7,1,1,2021-08-01 22:54:53.308000,-255,-255,-53,50.0000,50.0000,1.5043
7,1,1,2021-08-01 22:54:53.308000,-255,-255,-49,50.0000,50.0000,1.1066
7,1,1,2021-08-01 22:54:53.308000,-255,-255,-55,50.0000,50.0000,1.7539
7,1,1,2021-08-01 22:54:53.308000,-255,-255,-48,50.0000,50.0000,1.0249
7,1,1,2021-08-01 22:54:53.308000,-255,-255,-49,50.0000,50.0000,1.1066
5,1,1,2021-08-01 22:35:53.308000,-255,-255,-71,50.0000,50.0000,5.9887
5,1,1,2021-08-01 22:35:53.308000,-255,-255,-64,50.0000,50.0000,3.4995
5,1,1,2021-08-01 22:35:53.308000,-255,-255,-55,50.0000,50.0000,1.7539
5,1,1,2021-08-01 22:35:53.308000,-255,-255,-62,50.0000,50.0000,3.0015
5,1,1,2021-08-01 22:35:53.308000,-255,-255,-53,50.0000,50.0000,1.5043
5,1,1,2021-08-01 22:35:53.308000,-255,-255,-49,50.0000,50.0000,1.1066
5,1,1,2021-08-01 22:35:53.308000,-255,-255,-49,50.0000,50.0000,1.1066
5,1,1,2021-08-01 22:35:53.308000,-255,-255,-54,50.0000,50.0000,1.6243
5,1,1,2021-08-01 22:35:53.308000,-255,-255,-55,50.0000,50.0000,1.7539
5,1,1,2021-08-01 22:35:53.308000,-255,-255,-55,50.0000,50.0000,1.7539
5,1,1,2021-08-01 22:38:53.308000,-255,-255,-63,50.0000,50.0000,3.2409
5,1,1,2021-08-01 22:38:53.308000,-255,-255,-64,50.0000,50.0000,3.4995
5,1,1,2021-08-01 22:38:53.308000,-255,-255,-63,50.0000,50.0000,3.2409
5,1,1,2021-08-01 22:38:53.308000,-255,-255,-64,50.0000,50.0000,3.4995
5,1,1,2021-08-01 22:38:53.308000,-255,-255,-53,50.0000,50.0000,1.5043
5,1,1,2021-08-01 22:38:53.308000,-255,-255,-64,50.0000,50.0000,3.4995
5,1,1,2021-08-01 22:38:53.308000,-255,-255,-53,50.0000,50.0000,1.5043
5,1,1,2021-08-01 22:38:53.308000,-255,-255,-55,50.0000,50.0000,1.7539
5,1,1,2021-08-01 22:38:53.308000,-255,-255,-53,50.0000,50.0000,1.5043
5,1,1,2021-08-01 22:38:53.308000,-255,-255,-55,50.0000,50.0000,1.7539
5,1,1,2021-08-01 22:38:53.308000,-255,-255,-55,50.0000,50.0000,1.7539
5,1,1,2021-08-01 22:40:53.308000,-97,-255,-255,44.0555,50.0000,50.0000
5,1,1,2021-08-01 22:40:53.308000,-255,-255,-54,50.0000,50.0000,1.6243
6,1,1,2021-08-01 22:39:53.308000,-255,-255,-49,50.0000,50.0000,1.1066
6,1,1,2021-08-01 22:39:53.308000,-255,-255,-55,50.0000,50.0000,1.7539
6,1,1,2021-08-01 22:39:53.308000,-255,-255,-54,50.0000,50.0000,1.6243
6,1,1,2021-08-01 22:39:53.308000,-255,-255,-49,50.0000,50.0000,1.1066
6,1,1,2021-08-01 22:39:53.308000,-255,-255,-53,50.0000,50.0000,1.5043
6,1,1,2021-08-01 22:39:53.308000,-255,-255,-49,50.0000,50.0000,1.1066
6,1,1,2021-08-01 22:39:53.308000,-255,-255,-53,50.0000,50.0000,1.5043
6,1,1,2021-08-01 22:39:53.308000,-96,-255,-64,40.8006,50.0000,3.4995
6,1,1,2021-08-01 22:39:53.308000,-255,-255,-64,50.0000,50.0000,3.4995
6,1,1,2021-08-01 22:39:53.308000,-255,-255,-54,50.0000,50.0000,1.6243
6,1,1,2021-08-01 22:39:53.308000,-255,-255,-65,50.0000,50.0000,3.7786
0,1,1,2021-08-01 22:58:53.308000,-71,-255,-93,5.9887,50.0000,32.4091
0,1,1,2021-08-01 22:58:53.308000,-72,-255,-91,6.4665,50.0000,27.7971
0,1,1,2021-08-01 22:58:53.308000,-77,-255,-93,9.4915,50.0000,32.4091
0,1,1,2021-08-01 22:58:53.308000,-73,-255,-255,6.9823,50.0000,50.0000
0,1,1,2021-08-01 22:58:53.308000,-86,-255,-90,18.9380,50.0000,25.7434
0,1,1,2021-08-01 22:58:53.308000,-75,-255,-89,8.1408,50.0000,23.8415
0,1,1,2021-08-01 22:58:53.308000,-83,-255,-85,15.0430,50.0000,17.5388
0,1,1,2021-08-01 23:00:53.308000,-78,-255,-255,10.2487,50.0000,50.0000
0,1,1,2021-08-01 23:00:53.308000,-72,-255,-255,6.4665,50.0000,50.0000
0,1,1,2021-08-01 23:00:53.308000,-76,-255,-255,8.7902,50.0000,50.0000
0,1,1,2021-08-01 23:00:53.308000,-72,-255,-255,6.4665,50.0000,50.0000
0,1,1,2021-08-01 23:00:53.308000,-77,-255,-255,9.4915,50.0000,50.0000
0,1,1,2021-08-01 23:00:53.308000,-87,-255,-255,20.4487,50.0000,50.0000
0,1,1,2021-08-01 23:00:53.308000,-84,-255,-255,16.2430,50.0000,50.0000
0,1,1,2021-08-01 23:00:53.308000,-75,-255,-255,8.1408,50.0000,50.0000
0,1,1,2021-08-01 23:00:53.308000,-79,-255,-255,11.0662,50.0000,50.0000
0,1,1,2021-08-01 23:00:53.308000,-87,-255,-255,20.4487,50.0000,50.0000
0,0,1,2021-08-01 23:43:53.308000,-78,-255,-90,10.2487,50.0000,25.7434
0,0,1,2021-08-01 23:43:53.308000,-80,-255,-255,11.9490,50.0000,50.0000
0,0,1,2021-08-01 23:43:53.308000,-81,-255,-255,12.9023,50.0000,50.0000
0,0,1,2021-08-01 23:43:53.308000,-78,-255,-255,10.2487,50.0000,50.0000
0,0,1,2021-08-01 23:43:53.308000,-79,-255,-255,11.0662,50.0000,50.0000
0,0,1,2021-08-01 23:43:53.308000,-80,-255,-255,11.9490,50.0000,50.0000
0,0,1,2021-08-01 23:43:53.308000,-82,-255,-255,13.9316,50.0000,50.0000
0,0,1,2021-08-01 23:44:53.308000,-255,-255,-95,50.0000,50.0000,37.7862
0,0,1,2021-08-01 23:44:53.308000,-255,-255,-91,50.0000,50.0000,27.7971
0,0,1,2021-08-01 23:44:53.308000,-255,-255,-99,50.0000,50.0000,51.3649
0,0,1,2021-08-01 23:44:53.308000,-255,-255,-93,50.0000,50.0000,32.4091
0,0,1,2021-08-01 23:44:53.308000,-255,-255,-95,50.0000,50.0000,37.7862
0,0,1,2021-08-01 23:45:53.308000,-79,-255,-97,11.0662,50.0000,44.0555
0,0,1,2021-08-01 23:45:53.308000,-80,-255,-97,11.9490,50.0000,44.0555
0,0,1,2021-08-01 23:45:53.308000,-79,-255,-255,11.0662,50.0000,50.0000
0,0,1,2021-08-01 23:45:53.308000,-79,-255,-255,11.0662,50.0000,50.0000
0,0,1,2021-08-01 23:45:53.308000,-80,-255,-255,11.9490,50.0000,50.0000
0,0,1,2021-08-01 23:45:53.308000,-82,-255,-255,13.9316,50.0000,50.0000
0,0,1,2021-08-01 23:46:53.308000,-78,-255,-91,10.2487,50.0000,27.7971
0,0,1,2021-08-01 23:46:53.308000,-81,-255,-94,12.9023,50.0000,34.9945
0,0,1,2021-08-01 23:46:53.308000,-79,-255,-255,11.0662,50.0000,50.0000
0,0,1,2021-08-01 23:46:53.308000,-81,-255,-255,12.9023,50.0000,50.0000
0,0,1,2021-08-01 23:47:53.308000,-78,-255,-93,10.2487,50.0000,32.4091
0,0,1,2021-08-01 23:47:53.308000,-80,-255,-255,11.9490,50.0000,50.0000
0,0,1,2021-08-01 23:47:53.308000,-78,-255,-255,10.2487,50.0000,50.0000
0,0,1,2021-08-01 23:47:53.308000,-81,-255,-255,12.9023,50.0000,50.0000
0,0,1,2021-08-01 23:48:53.308000,-83,-255,-255,15.0430,50.0000,50.0000
0,0,1,2021-08-01 23:48:53.308000,-80,-255,-255,11.9490,50.0000,50.0000
0,0,1,2021-08-01 23:48:53.308000,-81,-255,-255,12.9023,50.0000,50.0000
0,0,1,2021-08-01 23:48:53.308000,-83,-255,-255,15.0430,50.0000,50.0000
0,0,1,2021-08-01 23:48:53.308000,-80,-255,-255,11.9490,50.0000,50.0000
0,0,1,2021-08-01 23:48:53.308000,-77,-255,-255,9.4915,50.0000,50.0000
5,0,1,2021-08-01 23:31:53.308000,-255,-255,-74,50.0000,50.0000,7.5393
5,0,1,2021-08-01 23:31:53.308000,-255,-255,-74,50.0000,50.0000,7.5393
5,0,1,2021-08-01 23:31:53.308000,-255,-255,-86,50.0000,50.0000,18.9380
5,0,1,2021-08-01 23:31:53.308000,-255,-255,-74,50.0000,50.0000,7.5393
5,0,1,2021-08-01 23:31:53.308000,-255,-255,-85,50.0000,50.0000,17.5388
5,0,1,2021-08-01 23:31:53.308000,-255,-255,-74,50.0000,50.0000,7.5393
5,0,1,2021-08-01 23:31:53.308000,-255,-255,-89,50.0000,50.0000,23.8415
5,0,1,2021-08-01 23:31:53.308000,-255,-255,-79,50.0000,50.0000,11.0662
5,0,1,2021-08-01 23:31:53.308000,-255,-255,-77,50.0000,50.0000,9.4915
5,0,1,2021-08-01 23:31:53.308000,-255,-255,-77,50.0000,50.0000,9.4915
5,0,1,2021-08-01 23:31:53.308000,-255,-255,-77,50.0000,50.0000,9.4915
5,0,1,2021-08-01 23:34:53.308000,-255,-255,-87,50.0000,50.0000,20.4487
5,0,1,2021-08-01 23:34:53.308000,-255,-255,-74,50.0000,50.0000,7.5393
5,0,1,2021-08-01 23:34:53.308000,-255,-255,-88,50.0000,50.0000,22.0800
5,0,1,2021-08-01 23:34:53.308000,-255,-255,-86,50.0000,50.0000,18.9380
5,0,1,2021-08-01 23:34:53.308000,-255,-255,-77,50.0000,50.0000,9.4915
5,0,1,2021-08-01 23:34:53.308000,-255,-255,-88,50.0000,50.0000,22.0800
5,0,1,2021-08-01 23:34:53.308000,-255,-255,-77,50.0000,50.0000,9.4915
5,0,1,2021-08-01 23:34:53.308000,-255,-255,-85,50.0000,50.0000,17.5388
5,0,1,2021-08-01 23:35:53.308000,-255,-255,-73,50.0000,50.0000,6.9823
5,0,1,2021-08-01 23:35:53.308000,-255,-255,-85,50.0000,50.0000,17.5388
5,0,1,2021-08-01 23:35:53.308000,-255,-255,-86,50.0000,50.0000,18.9380
3,0,1,2021-08-01 23:38:53.308000,-95,-255,-89,37.7862,50.0000,23.8415
3,0,1,2021-08-01 23:38:53.308000,-255,-255,-91,50.0000,50.0000,27.7971
3,0,1,2021-08-01 23:38:53.308000,-255,-255,-87,50.0000,50.0000,20.4487
3,0,1,2021-08-01 23:38:53.308000,-255,-255,-89,50.0000,50.0000,23.8415
3,0,1,2021-08-01 23:38:53.308000,-255,-255,-88,50.0000,50.0000,22.0800
3,0,1,2021-08-01 23:39:53.308000,-255,-255,-88,50.0000,50.0000,22.0800
3,0,1,2021-08-01 23:39:53.308000,-255,-255,-88,50.0000,50.0000,22.0800
3,0,1,2021-08-01 23:39:53.308000,-255,-255,-96,50.0000,50.0000,40.8006
3,0,1,2021-08-01 23:40:53.308000,-255,-255,-90,50.0000,50.0000,25.7434
3,0,1,2021-08-01 23:40:53.308000,-255,-255,-91,50.0000,50.0000,27.7971
3,0,1,2021-08-01 23:40:53.308000,-255,-255,-90,50.0000,50.0000,25.7434
3,0,1,2021-08-01 23:40:53.308000,-255,-255,-89,50.0000,50.0000,23.8415
3,0,1,2021-08-01 23:40:53.308000,-255,-255,-90,50.0000,50.0000,25.7434
3,0,1,2021-08-01 23:40:53.308000,-255,-255,-89,50.0000,50.0000,23.8415
3,0,1,2021-08-01 23:40:53.308000,-255,-255,-100,50.0000,50.0000,55.4626
3,0,1,2021-08-01 23:40:53.308000,-255,-255,-98,50.0000,50.0000,47.5700
3,0,1,2021-08-01 23:41:53.308000,-255,-255,-87,50.0000,50.0000,20.4487
3,0,1,2021-08-01 23:41:53.308000,-255,-255,-90,50.0000,50.0000,25.7434
3,0,1,2021-08-01 23:41:53.308000,-255,-255,-90,50.0000,50.0000,25.7434
3,0,1,2021-08-01 23:42:53.308000,-255,-255,-89,50.0000,50.0000,23.8415
3,0,1,2021-08-01 23:42:53.308000,-255,-255,-90,50.0000,50.0000,25.7434
3,0,1,2021-08-01 23:42:53.308000,-255,-255,-91,50.0000,50.0000,27.7971
3,0,1,2021-08-01 23:42:53.308000,-255,-255,-90,50.0000,50.0000,25.7434
3,0,1,2021-08-01 23:42:53.308000,-255,-255,-93,50.0000,50.0000,32.4091